{"v":"5.5.10","fr":10,"ip":0,"op":20,"w":1000,"h":1000,"nm":"LOL Fixed Padding","ddd":0,"assets":[{"id":"comp_0","layers":[{"ddd":0,"ind":1,"ty":3,"nm":"Null 5","sr":1,"ks":{"o":{"a":0,"k":0,"ix":11},"r":{"a":1,"k":[{"i":{"x":[0.667],"y":[1]},"o":{"x":[0.333],"y":[0]},"t":0,"s":[-12]},{"i":{"x":[0.667],"y":[1]},"o":{"x":[0.333],"y":[0]},"t":2.5,"s":[-19]},{"i":{"x":[0.667],"y":[1]},"o":{"x":[0.333],"y":[0]},"t":5,"s":[-33]},{"i":{"x":[0.667],"y":[1]},"o":{"x":[0.333],"y":[0]},"t":7.5,"s":[-24]},{"i":{"x":[0.667],"y":[1]},"o":{"x":[0.333],"y":[0]},"t":10,"s":[-17]},{"i":{"x":[0.667],"y":[1]},"o":{"x":[0.333],"y":[0]},"t":15,"s":[-17]},{"i":{"x":[0.667],"y":[1]},"o":{"x":[0.333],"y":[0]},"t":17.5,"s":[-12]},{"t":20,"s":[-12]}],"ix":10},"p":{"a":1,"k":[{"i":{"x":0.667,"y":1},"o":{"x":0.333,"y":0},"t":0,"s":[546,470,0],"to":[-6.083,-2.938,0],"ti":[8.042,3.188,0]},{"i":{"x":0.667,"y":1},"o":{"x":0.333,"y":0},"t":2.5,"s":[532,464,0],"to":[-0.354,9.25,0],"ti":[0.521,-6.562,0]},{"i":{"x":0.667,"y":1},"o":{"x":0.333,"y":0},"t":5,"s":[530,506,0],"to":[-0.262,2.011,0],"ti":[-0.354,11.979,0]},{"i":{"x":0.667,"y":1},"o":{"x":0.333,"y":0},"t":7.5,"s":[530,476,0],"to":[3.917,8.021,0],"ti":[-4.604,-11.125,0]},{"i":{"x":0.667,"y":1},"o":{"x":0.333,"y":0},"t":10,"s":[546,508,0],"to":[1.479,-11.5,0],"ti":[-1.646,9.583,0]},{"i":{"x":0.667,"y":1},"o":{"x":0.333,"y":0},"t":12.5,"s":[552,470,0],"to":[-0.229,4.979,0],"ti":[0.854,-10.812,0]},{"i":{"x":0.667,"y":1},"o":{"x":0.333,"y":0},"t":15,"s":[548,518,0],"to":[-6.917,-10.5,0],"ti":[-0.738,15.216,0]},{"i":{"x":0.667,"y":1},"o":{"x":0.333,"y":0},"t":17.5,"s":[546,474,0],"to":[0.042,-3.875,0],"ti":[0,0.667,0]},{"t":20,"s":[546,470,0]}],"ix":2},"a":{"a":0,"k":[50.98,53.503,0],"ix":1},"s":{"a":0,"k":[612,628,100],"ix":6}},"ao":0,"ip":0,"op":30,"st":0,"bm":0},{"ddd":0,"ind":2,"ty":4,"nm":"Mat Trai","parent":1,"sr":1,"ks":{"o":{"a":0,"k":100,"ix":11},"r":{"a":1,"k":[{"i":{"x":[0.667],"y":[1]},"o":{"x":[1],"y":[0]},"t":0,"s":[0]},{"i":{"x":[0.833],"y":[1]},"o":{"x":[1],"y":[0]},"t":2.5,"s":[-8]},{"i":{"x":[0.667],"y":[1]},"o":{"x":[1],"y":[0]},"t":5,"s":[3]},{"i":{"x":[0.833],"y":[1]},"o":{"x":[1],"y":[0]},"t":7.5,"s":[-12]},{"i":{"x":[0.667],"y":[1]},"o":{"x":[1],"y":[0]},"t":10,"s":[6]},{"i":{"x":[0.833],"y":[1]},"o":{"x":[1],"y":[0]},"t":12.5,"s":[-12]},{"i":{"x":[0.667],"y":[1]},"o":{"x":[1],"y":[0]},"t":15,"s":[6]},{"i":{"x":[0.667],"y":[1]},"o":{"x":[1],"y":[0]},"t":17.5,"s":[-12]},{"t":20,"s":[0]}],"ix":10},"p":{"a":0,"k":[50.704,20.38,0],"ix":2},"a":{"a":0,"k":[547.021,283.764,0],"ix":1},"s":{"a":0,"k":[16.34,15.924,100],"ix":6}},"ao":0,"shapes":[{"ty":"gr","it":[{"ty":"gr","it":[{"ind":0,"ty":"sh","ix":1,"ks":{"a":0,"k":{"i":[[2.043,-3.113],[-0.598,-2.9],[-2.436,-1.624],[-14.796,-12.077],[0.821,-1.631],[1.722,0.304],[0,0],[4.258,0.752],[1.099,-0.111],[-0.698,-6.044],[-4.776,-0.845],[-1.143,0.119],[-29.283,-5.177],[-21.243,-15.54],[-1.67,-0.295],[-2.54,2.286],[2.626,4.508],[85.993,57.044],[1.49,0.263],[0.643,0]],"o":[[-1.645,2.471],[0.591,2.883],[18.323,12.146],[1.429,1.157],[-0.75,1.59],[0,0],[-4.495,-1.068],[-33.996,-6.011],[-6.038,0.686],[0.517,4.836],[1.003,0.177],[2.504,-0.238],[29.686,5.248],[1.379,1.01],[3.379,0.598],[3.859,-3.468],[-0.94,-1.642],[-1.301,-0.835],[-0.649,-0.115],[-3.66,0]],"v":[[-45.23,-57.274],[-46.863,-48.962],[-42.172,-41.971],[6.364,2.267],[7.405,7.043],[3.191,9.185],[2.979,9.148],[-10.184,6.45],[-70.995,3.357],[-80.733,15.554],[-71.687,25.21],[-68.479,25.302],[-13.995,28.312],[62.753,59.645],[67.353,61.601],[76.658,58.943],[78.805,45.19],[-29.942,-60.373],[-34.127,-62.027],[-36.07,-62.198]],"c":true},"ix":2},"nm":"Path 2","mn":"ADBE Vector Shape - Group","hd":false},{"ty":"tr","p":{"a":0,"k":[0,0],"ix":2},"a":{"a":0,"k":[0,0],"ix":1},"s":{"a":0,"k":[100,100],"ix":3},"r":{"a":0,"k":0,"ix":6},"o":{"a":0,"k":100,"ix":7},"sk":{"a":0,"k":0,"ix":4},"sa":{"a":0,"k":0,"ix":5},"nm":"Transform"}],"nm":"Group 1","np":1,"cix":2,"bm":0,"ix":1,"mn":"ADBE Vector Group","hd":false},{"ty":"mm","mm":4,"nm":"Merge Paths 1","mn":"ADBE Vector Filter - Merge","hd":false},{"ty":"gf","o":{"a":0,"k":100,"ix":10},"r":1,"bm":0,"g":{"p":3,"k":{"a":0,"k":[0,0.549,0.251,0.165,0.5,0.476,0.235,0.161,1,0.404,0.22,0.157],"ix":9}},"s":{"a":0,"k":[0,0],"ix":5},"e":{"a":0,"k":[100,0],"ix":6},"t":2,"h":{"a":0,"k":0,"ix":7},"a":{"a":0,"k":0,"ix":8},"nm":"Gradient Fill 1","mn":"ADBE Vector Graphic - G-Fill","hd":false},{"ty":"tr","p":{"a":0,"k":[472.551,227.875],"ix":2},"a":{"a":0,"k":[0,0],"ix":1},"s":{"a":0,"k":[100,100],"ix":3},"r":{"a":0,"k":0,"ix":6},"o":{"a":0,"k":100,"ix":7},"sk":{"a":0,"k":0,"ix":4},"sa":{"a":0,"k":0,"ix":5},"nm":"Transform"}],"nm":"Group 1","np":3,"cix":2,"bm":0,"ix":1,"mn":"ADBE Vector Group","hd":false}],"ip":0,"op":30,"st":0,"bm":0},{"ddd":0,"ind":4,"ty":4,"nm":"Mat Phai","parent":1,"sr":1,"ks":{"o":{"a":0,"k":100,"ix":11},"r":{"a":1,"k":[{"i":{"x":[0.667],"y":[1]},"o":{"x":[1],"y":[0]},"t":0,"s":[0]},{"i":{"x":[0.833],"y":[1]},"o":{"x":[1],"y":[0]},"t":2.5,"s":[10]},{"i":{"x":[0.667],"y":[1]},"o":{"x":[1],"y":[0]},"t":5,"s":[-7]},{"i":{"x":[0.833],"y":[1]},"o":{"x":[1],"y":[0]},"t":7.5,"s":[10]},{"i":{"x":[0.667],"y":[1]},"o":{"x":[1],"y":[0]},"t":10,"s":[-7]},{"i":{"x":[0.833],"y":[1]},"o":{"x":[1],"y":[0]},"t":12.5,"s":[10]},{"i":{"x":[0.667],"y":[1]},"o":{"x":[1],"y":[0]},"t":15,"s":[-7]},{"i":{"x":[0.667],"y":[1]},"o":{"x":[1],"y":[0]},"t":17.5,"s":[10]},{"t":20,"s":[0]}],"ix":10},"p":{"a":0,"k":[69.862,29.101,0],"ix":2},"a":{"a":0,"k":[645.553,332.757,0],"ix":1},"s":{"a":0,"k":[16.34,15.924,100],"ix":6}},"ao":0,"shapes":[{"ty":"gr","it":[{"ty":"gr","it":[{"ind":0,"ty":"sh","ix":1,"ks":{"a":0,"k":{"i":[[0.917,-0.17],[0.144,-5.188],[-2.643,-2.189],[-1.663,-0.396],[-23.215,-19.228],[-1.44,-2.063],[-0.786,-0.65],[-4.021,2.736],[3.384,5.046],[26.588,22.022],[3.724,2.735],[0,0],[-0.726,1.601],[-1.808,-0.341],[-21.118,-6.105],[-2.58,1.415],[-0.817,2.854],[3.397,2.813],[1.479,0.451],[25.095,0.001]],"o":[[-5.135,0.918],[-0.099,3.414],[1.306,1.082],[25.595,6.133],[22.903,18.97],[0.649,0.948],[3.734,3.093],[5.057,-3.381],[-0.626,-0.909],[-3.33,-2.758],[0,0],[-1.346,-1.116],[0.711,-1.682],[18.783,3.458],[2.816,0.806],[2.598,-1.421],[1.237,-4.2],[-1.165,-0.965],[-50.293,-14.517],[-24.376,-0.001]],"v":[[-75.219,-50.783],[-84.31,-40.243],[-80.313,-31.431],[-75.844,-29.191],[-2.282,9.023],[35.282,48.605],[37.431,50.991],[50.646,51.634],[53.638,36.317],[11.916,-8.033],[1.338,-16.319],[1.172,-16.456],[0.078,-21.055],[4.393,-23.353],[69.529,-14.995],[77.895,-15.944],[83.172,-22.571],[79.608,-34.111],[75.638,-36.228],[-37.365,-54.37]],"c":true},"ix":2},"nm":"Path 2","mn":"ADBE Vector Shape - Group","hd":false},{"ty":"tr","p":{"a":0,"k":[0,0],"ix":2},"a":{"a":0,"k":[0,0],"ix":1},"s":{"a":0,"k":[100,100],"ix":3},"r":{"a":0,"k":0,"ix":6},"o":{"a":0,"k":100,"ix":7},"sk":{"a":0,"k":0,"ix":4},"sa":{"a":0,"k":0,"ix":5},"nm":"Transform"}],"nm":"Group 1","np":1,"cix":2,"bm":0,"ix":1,"mn":"ADBE Vector Group","hd":false},{"ty":"mm","mm":4,"nm":"Merge Paths 1","mn":"ADBE Vector Filter - Merge","hd":false},{"ty":"gf","o":{"a":0,"k":100,"ix":10},"r":1,"bm":0,"g":{"p":3,"k":{"a":0,"k":[0,0.549,0.251,0.165,0.5,0.476,0.235,0.161,1,0.404,0.22,0.157],"ix":9}},"s":{"a":0,"k":[-9.742,-15.453],"ix":5},"e":{"a":0,"k":[100,0],"ix":6},"t":2,"h":{"a":0,"k":0,"ix":7},"a":{"a":0,"k":0,"ix":8},"nm":"Gradient Fill 1","mn":"ADBE Vector Graphic - G-Fill","hd":false},{"ty":"tr","p":{"a":0,"k":[729.461,374.194],"ix":2},"a":{"a":0,"k":[0,0],"ix":1},"s":{"a":0,"k":[100,100],"ix":3},"r":{"a":0,"k":0,"ix":6},"o":{"a":0,"k":100,"ix":7},"sk":{"a":0,"k":0,"ix":4},"sa":{"a":0,"k":0,"ix":5},"nm":"Transform"}],"nm":"Group 1","np":3,"cix":2,"bm":0,"ix":1,"mn":"ADBE Vector Group","hd":false}],"ip":0,"op":30,"st":0,"bm":0},{"ddd":0,"ind":5,"ty":4,"nm":"Bong Mat Phai","parent":1,"sr":1,"ks":{"o":{"a":0,"k":100,"ix":11},"r":{"a":1,"k":[{"i":{"x":[0.667],"y":[1]},"o":{"x":[1],"y":[0]},"t":0,"s":[0]},{"i":{"x":[0.833],"y":[1]},"o":{"x":[1],"y":[0]},"t":2.5,"s":[10]},{"i":{"x":[0.667],"y":[1]},"o":{"x":[1],"y":[0]},"t":5,"s":[-7]},{"i":{"x":[0.833],"y":[1]},"o":{"x":[1],"y":[0]},"t":7.5,"s":[10]},{"i":{"x":[0.667],"y":[1]},"o":{"x":[1],"y":[0]},"t":10,"s":[-7]},{"i":{"x":[0.833],"y":[1]},"o":{"x":[1],"y":[0]},"t":12.5,"s":[10]},{"i":{"x":[0.667],"y":[1]},"o":{"x":[1],"y":[0]},"t":15,"s":[-7]},{"i":{"x":[0.667],"y":[1]},"o":{"x":[1],"y":[0]},"t":17.5,"s":[10]},{"t":20,"s":[0]}],"ix":10},"p":{"a":0,"k":[67.873,29.057,0],"ix":2},"a":{"a":0,"k":[633.381,336.478,0],"ix":1},"s":{"a":0,"k":[16.34,15.924,100],"ix":6}},"ao":0,"shapes":[{"ty":"gr","it":[{"ty":"gr","it":[{"ind":0,"ty":"sh","ix":1,"ks":{"a":0,"k":{"i":[[2.247,1.861],[-0.137,5.883],[-8.759,1.593],[-100.851,-29.133],[-1.999,-1.656],[2.09,-7.233],[4.434,-2.444],[4.872,1.416],[13.846,2.997],[-0.625,-0.928],[8.637,-5.836],[6.412,5.31],[1.069,1.568],[22.085,18.292],[24.404,5.837]],"o":[[-4.511,-3.736],[0.28,-8.864],[1.925,-0.34],[2.533,0.726],[5.8,4.804],[-1.391,4.874],[-4.408,2.429],[-14.925,-4.316],[26.123,22.096],[5.805,8.631],[-6.928,4.666],[-1.371,-1.136],[-1.282,-1.849],[-22.282,-18.456],[-2.83,-0.687]],"v":[[-84.98,-24.946],[-91.845,-40.069],[-76.257,-58.133],[78.183,-43.363],[84.997,-39.767],[91.106,-19.963],[82.048,-8.624],[67.665,-7.033],[19.346,-11.969],[60.539,32.332],[55.42,58.592],[32.755,57.483],[29.101,53.419],[-6.946,15.504],[-77.318,-21.113]],"c":true},"ix":2},"nm":"Path 4","mn":"ADBE Vector Shape - Group","hd":false},{"ty":"tr","p":{"a":0,"k":[0,0],"ix":2},"a":{"a":0,"k":[0,0],"ix":1},"s":{"a":0,"k":[100,100],"ix":3},"r":{"a":0,"k":0,"ix":6},"o":{"a":0,"k":100,"ix":7},"sk":{"a":0,"k":0,"ix":4},"sa":{"a":0,"k":0,"ix":5},"nm":"Transform"}],"nm":"Group 1","np":1,"cix":2,"bm":0,"ix":1,"mn":"ADBE Vector Group","hd":false},{"ty":"mm","mm":4,"nm":"Merge Paths 1","mn":"ADBE Vector Filter - Merge","hd":false},{"ty":"gf","o":{"a":0,"k":100,"ix":10},"r":1,"bm":0,"g":{"p":3,"k":{"a":0,"k":[0,0.969,0.6,0.251,0.5,0.984,0.79,0.42,1,1,0.98,0.588],"ix":9}},"s":{"a":0,"k":[102.043,20.008],"ix":5},"e":{"a":0,"k":[-68.238,-40.602],"ix":6},"t":1,"nm":"Gradient Fill 1","mn":"ADBE Vector Graphic - G-Fill","hd":false},{"ty":"tr","p":{"a":0,"k":[725.647,377.95],"ix":2},"a":{"a":0,"k":[0,0],"ix":1},"s":{"a":0,"k":[100,100],"ix":3},"r":{"a":0,"k":0,"ix":6},"o":{"a":0,"k":100,"ix":7},"sk":{"a":0,"k":0,"ix":4},"sa":{"a":0,"k":0,"ix":5},"nm":"Transform"}],"nm":"Group 1","np":3,"cix":2,"bm":0,"ix":1,"mn":"ADBE Vector Group","hd":false}],"ip":0,"op":30,"st":0,"bm":0},{"ddd":0,"ind":6,"ty":4,"nm":"Luoi","parent":1,"sr":1,"ks":{"o":{"a":0,"k":100,"ix":11},"r":{"a":0,"k":0,"ix":10},"p":{"a":0,"k":[46.078,55.096,0],"ix":2},"a":{"a":0,"k":[500,500,0],"ix":1},"s":{"a":0,"k":[16.34,15.924,100],"ix":6}},"ao":0,"shapes":[{"ty":"gr","it":[{"ty":"gr","it":[{"ind":0,"ty":"sh","ix":1,"ks":{"a":1,"k":[{"i":{"x":0.667,"y":1},"o":{"x":1,"y":0.066},"t":0,"s":[{"i":[[11.44,-24.513],[-89.128,-41.63],[-7.858,16.855],[89.123,41.624],[34.865,-0.001]],"o":[[-5.899,12.615],[89.135,41.617],[21.492,-46.017],[-41.642,-19.453],[-39.747,0.001]],"v":[[-169.146,-69.378],[-35.235,64.738],[153.553,81.336],[31.096,-77.314],[-87.167,-106.354]],"c":true}]},{"i":{"x":0.833,"y":0.989},"o":{"x":1,"y":0.066},"t":2.5,"s":[{"i":[[11.44,-24.513],[-89.128,-41.63],[-6.005,17.6],[105.724,51.667],[38.987,-13.293]],"o":[[-5.899,12.615],[89.135,41.617],[26.267,-76.983],[-56.811,-27.764],[-37.62,12.827]],"v":[[-174.146,-68.378],[-33.235,66.238],[153.553,81.336],[47.096,-113.814],[-99.167,-133.354]],"c":true}]},{"i":{"x":0.667,"y":1},"o":{"x":1,"y":0.066},"t":5,"s":[{"i":[[11.44,-24.513],[-90.819,-37.8],[-5.299,17.826],[102.727,49.363],[39.896,-10.247]],"o":[[-5.899,12.615],[101.388,42.199],[17.484,-58.813],[-56.994,-27.387],[-23.246,5.97]],"v":[[-190.763,-41.861],[-46.67,105.129],[141.886,109.267],[26.59,-47.346],[-134.522,-83.149]],"c":true}]},{"i":{"x":0.833,"y":0.989},"o":{"x":1,"y":0.066},"t":7.5,"s":[{"i":[[11.44,-24.513],[-89.128,-41.63],[-6.005,17.6],[105.724,51.667],[38.987,-13.293]],"o":[[-5.899,12.615],[89.135,41.617],[26.267,-76.983],[-56.811,-27.764],[-37.62,12.827]],"v":[[-174.146,-68.378],[-33.235,66.238],[153.553,81.336],[47.096,-113.814],[-99.167,-133.354]],"c":true}]},{"i":{"x":0.667,"y":1},"o":{"x":1,"y":0.066},"t":10,"s":[{"i":[[11.44,-24.513],[-92.073,-34.632],[-7.599,16.974],[122.582,61.814],[56.406,-16.767]],"o":[[-5.899,12.615],[105.232,39.582],[12.27,-27.408],[-56.46,-28.471],[-23.005,6.838]],"v":[[-190.763,-41.861],[-46.67,105.129],[145.94,94.61],[14.947,-27.454],[-146.716,-72.365]],"c":true}]},{"i":{"x":0.833,"y":0.989},"o":{"x":1,"y":0.066},"t":12.5,"s":[{"i":[[11.44,-24.513],[-89.128,-41.63],[-6.005,17.6],[105.724,51.667],[38.987,-13.293]],"o":[[-5.899,12.615],[89.135,41.617],[26.267,-76.983],[-56.811,-27.764],[-37.62,12.827]],"v":[[-174.146,-68.378],[-33.235,66.238],[153.553,81.336],[47.096,-113.814],[-99.167,-133.354]],"c":true}]},{"i":{"x":0.667,"y":1},"o":{"x":1,"y":0.066},"t":15,"s":[{"i":[[11.44,-24.513],[-90.819,-37.8],[-5.299,17.826],[102.727,49.363],[39.896,-10.247]],"o":[[-5.899,12.615],[101.388,42.199],[17.484,-58.813],[-56.994,-27.387],[-23.246,5.97]],"v":[[-190.763,-41.861],[-46.67,105.129],[141.886,109.267],[26.59,-47.346],[-134.522,-83.149]],"c":true}]},{"i":{"x":0.667,"y":1},"o":{"x":1,"y":0.066},"t":17.5,"s":[{"i":[[11.44,-24.513],[-89.128,-41.63],[-6.005,17.6],[105.724,51.667],[38.987,-13.293]],"o":[[-5.899,12.615],[89.135,41.617],[26.267,-76.983],[-56.811,-27.764],[-37.62,12.827]],"v":[[-174.146,-68.378],[-33.235,66.238],[153.553,81.336],[47.096,-113.814],[-99.167,-133.354]],"c":true}]},{"t":20,"s":[{"i":[[11.44,-24.513],[-89.128,-41.63],[-7.858,16.855],[89.123,41.624],[34.865,-0.001]],"o":[[-5.899,12.615],[89.135,41.617],[21.492,-46.017],[-41.642,-19.453],[-39.747,0.001]],"v":[[-169.146,-69.378],[-35.235,64.738],[153.553,81.336],[31.096,-77.314],[-87.167,-106.354]],"c":true}]}],"ix":2},"nm":"Path 2","mn":"ADBE Vector Shape - Group","hd":false},{"ty":"tr","p":{"a":0,"k":[0,0],"ix":2},"a":{"a":0,"k":[0,0],"ix":1},"s":{"a":0,"k":[100,100],"ix":3},"r":{"a":0,"k":0,"ix":6},"o":{"a":0,"k":100,"ix":7},"sk":{"a":0,"k":0,"ix":4},"sa":{"a":0,"k":0,"ix":5},"nm":"Transform"}],"nm":"Group 1","np":1,"cix":2,"bm":0,"ix":1,"mn":"ADBE Vector Group","hd":false},{"ty":"mm","mm":4,"nm":"Merge Paths 1","mn":"ADBE Vector Filter - Merge","hd":false},{"ty":"gf","o":{"a":0,"k":100,"ix":10},"r":1,"bm":0,"g":{"p":3,"k":{"a":0,"k":[0,0.953,0.471,0.165,0.5,0.865,0.363,0.167,1,0.776,0.255,0.169],"ix":9}},"s":{"a":0,"k":[31.469,-72.203],"ix":5},"e":{"a":0,"k":[-27.305,68],"ix":6},"t":2,"h":{"a":0,"k":0,"ix":7},"a":{"a":0,"k":0,"ix":8},"nm":"Gradient Fill 1","mn":"ADBE Vector Graphic - G-Fill","hd":false},{"ty":"tr","p":{"a":0,"k":[450.18,633.647],"ix":2},"a":{"a":0,"k":[0,0],"ix":1},"s":{"a":0,"k":[100,100],"ix":3},"r":{"a":0,"k":0,"ix":6},"o":{"a":0,"k":100,"ix":7},"sk":{"a":0,"k":0,"ix":4},"sa":{"a":0,"k":0,"ix":5},"nm":"Transform"}],"nm":"Group 1","np":3,"cix":2,"bm":0,"ix":1,"mn":"ADBE Vector Group","hd":false}],"ip":0,"op":30,"st":0,"bm":0},{"ddd":0,"ind":7,"ty":4,"nm":"Cuong Hong","parent":1,"sr":1,"ks":{"o":{"a":0,"k":100,"ix":11},"r":{"a":0,"k":0,"ix":10},"p":{"a":0,"k":[46.078,55.096,0],"ix":2},"a":{"a":0,"k":[500,500,0],"ix":1},"s":{"a":0,"k":[16.34,15.924,100],"ix":6}},"ao":0,"shapes":[{"ty":"gr","it":[{"ind":0,"ty":"sh","ix":1,"ks":{"a":1,"k":[{"i":{"x":0.667,"y":1},"o":{"x":1,"y":0},"t":0,"s":[{"i":[[0,0],[-38.194,32.439],[14.286,-11.209],[-22.155,-8.801],[-3.034,18.49],[-2.788,-37.76],[28.443,4.056]],"o":[[0,0],[38.248,-32.456],[-14.237,11.246],[22.142,8.843],[3.045,-18.545],[2.781,37.732],[0,0]],"v":[[-72.346,19.805],[-68.255,-56.785],[-6.856,-41.185],[8.704,9.899],[32.906,-24.274],[86.195,6.452],[27.691,69.479]],"c":false}]},{"i":{"x":0.667,"y":1},"o":{"x":1,"y":0},"t":2.5,"s":[{"i":[[0,0],[-38.194,32.439],[14.286,-11.209],[-10.268,-4.208],[-3.034,18.49],[-2.788,-37.76],[28.443,4.056]],"o":[[0,0],[38.248,-32.456],[-14.237,11.246],[10.097,4.138],[3.045,-18.545],[2.781,37.732],[0,0]],"v":[[-57.346,-21.195],[-53.255,-97.785],[8.144,-79.185],[15.334,-52.154],[44.906,-67.774],[101.195,-34.548],[42.691,28.479]],"c":false}]},{"i":{"x":0.667,"y":1},"o":{"x":1,"y":0},"t":5,"s":[{"i":[[0,0],[-38.194,32.439],[14.286,-11.209],[-12.469,-6.449],[-3.034,18.49],[-2.788,-37.76],[28.443,4.056]],"o":[[0,0],[38.248,-32.456],[-14.237,11.246],[12.469,6.449],[3.045,-18.545],[2.781,37.732],[0,0]],"v":[[-98.358,24.06],[-89.318,-58.895],[-28.979,-38.527],[-34.871,4.414],[7.429,-21.105],[65.132,8.585],[6.628,71.612]],"c":false}]},{"i":{"x":0.667,"y":1},"o":{"x":1,"y":0},"t":7.5,"s":[{"i":[[0,0],[-38.194,32.439],[14.286,-11.209],[-10.268,-4.208],[-3.034,18.49],[-2.788,-37.76],[28.443,4.056]],"o":[[0,0],[38.248,-32.456],[-14.237,11.246],[10.097,4.138],[3.045,-18.545],[2.781,37.732],[0,0]],"v":[[-57.346,-21.195],[-53.255,-97.785],[8.144,-79.185],[15.334,-52.154],[44.906,-67.774],[101.195,-34.548],[42.691,28.479]],"c":false}]},{"i":{"x":0.667,"y":1},"o":{"x":1,"y":0},"t":10,"s":[{"i":[[0,0],[-38.194,32.439],[14.286,-11.209],[-12.469,-6.449],[2.308,18.924],[-2.788,-37.76],[28.443,4.056]],"o":[[0,0],[38.248,-32.456],[-14.152,22.745],[12.469,6.449],[-2.275,-18.655],[2.781,37.732],[0,0]],"v":[[-90.371,58.082],[-81.33,-24.873],[-20.992,-4.506],[-15.551,40.632],[15.417,12.916],[73.12,42.606],[14.616,105.633]],"c":false}]},{"i":{"x":0.667,"y":1},"o":{"x":1,"y":0},"t":12.5,"s":[{"i":[[0,0],[-38.194,32.439],[14.286,-11.209],[-10.268,-4.208],[-3.034,18.49],[-2.788,-37.76],[28.443,4.056]],"o":[[0,0],[38.248,-32.456],[-14.237,11.246],[10.097,4.138],[3.045,-18.545],[2.781,37.732],[0,0]],"v":[[-57.346,-21.195],[-53.255,-97.785],[8.144,-79.185],[15.334,-52.154],[44.906,-67.774],[101.195,-34.548],[42.691,28.479]],"c":false}]},{"i":{"x":0.667,"y":1},"o":{"x":1,"y":0},"t":15,"s":[{"i":[[0,0],[-38.194,32.439],[14.286,-11.209],[-12.469,-6.449],[-3.034,18.49],[-2.788,-37.76],[28.443,4.056]],"o":[[0,0],[38.248,-32.456],[-14.237,11.246],[12.469,6.449],[3.045,-18.545],[2.781,37.732],[0,0]],"v":[[-98.358,24.06],[-89.318,-58.895],[-28.979,-38.527],[-34.871,4.414],[7.429,-21.105],[65.132,8.585],[6.628,71.612]],"c":false}]},{"i":{"x":0.667,"y":1},"o":{"x":1,"y":0},"t":17.5,"s":[{"i":[[0,0],[-38.194,32.439],[14.286,-11.209],[-10.268,-4.208],[-3.034,18.49],[-2.788,-37.76],[28.443,4.056]],"o":[[0,0],[38.248,-32.456],[-14.237,11.246],[10.097,4.138],[3.045,-18.545],[2.781,37.732],[0,0]],"v":[[-57.346,-21.195],[-53.255,-97.785],[8.144,-79.185],[15.334,-52.154],[44.906,-67.774],[101.195,-34.548],[42.691,28.479]],"c":false}]},{"t":20,"s":[{"i":[[0,0],[-38.194,32.439],[14.286,-11.209],[-22.155,-8.801],[-3.034,18.49],[-2.788,-37.76],[28.443,4.056]],"o":[[0,0],[38.248,-32.456],[-14.237,11.246],[22.142,8.843],[3.045,-18.545],[2.781,37.732],[0,0]],"v":[[-72.346,19.805],[-68.255,-56.785],[-6.856,-41.185],[8.704,9.899],[32.906,-24.274],[86.195,6.452],[27.691,69.479]],"c":false}]}],"ix":2},"nm":"Path 1","mn":"ADBE Vector Shape - Group","hd":false},{"ty":"mm","mm":4,"nm":"Merge Paths 1","mn":"ADBE Vector Filter - Merge","hd":false},{"ty":"fl","c":{"a":0,"k":[0.286000001197,0.086000001197,0.054999998504,1],"ix":4},"o":{"a":0,"k":100,"ix":5},"r":1,"bm":0,"nm":"Fill 1","mn":"ADBE Vector Graphic - Fill","hd":false},{"ty":"tr","p":{"a":0,"k":[485.934,541.362],"ix":2},"a":{"a":0,"k":[0,0],"ix":1},"s":{"a":0,"k":[100,100],"ix":3},"r":{"a":0,"k":0,"ix":6},"o":{"a":0,"k":100,"ix":7},"sk":{"a":0,"k":0,"ix":4},"sa":{"a":0,"k":0,"ix":5},"nm":"Transform"}],"nm":"Group 1","np":3,"cix":2,"bm":0,"ix":1,"mn":"ADBE Vector Group","hd":false}],"ip":0,"op":30,"st":0,"bm":0},{"ddd":0,"ind":8,"ty":4,"nm":"Rang","parent":1,"sr":1,"ks":{"o":{"a":0,"k":100,"ix":11},"r":{"a":0,"k":0,"ix":10},"p":{"a":0,"k":[46.078,55.096,0],"ix":2},"a":{"a":0,"k":[500,500,0],"ix":1},"s":{"a":0,"k":[16.34,15.924,100],"ix":6}},"ao":0,"shapes":[{"ty":"gr","it":[{"ind":0,"ty":"sh","ix":1,"ks":{"a":1,"k":[{"i":{"x":0.667,"y":1},"o":{"x":1,"y":0},"t":0,"s":[{"i":[[-2.307,-10.519],[-6.91,28.954],[-117.128,-54.695],[18.04,-23.951],[-13.613,8.103],[0.516,25.722],[108.586,50.7],[28.89,-32.241]],"o":[[4.343,19.913],[6.715,-28.06],[117.098,54.701],[-15.943,21.17],[7.881,-4.691],[-0.954,-46.838],[-88.287,-41.239],[-19.95,22.256]],"v":[[-230.142,-67.553],[-161.894,-62.639],[19.581,-34.658],[159.146,96.214],[208.861,138.24],[233.55,94.166],[42.414,-83.562],[-214.116,-114.102]],"c":true}]},{"i":{"x":0.833,"y":1},"o":{"x":1,"y":0},"t":2.5,"s":[{"i":[[-2.307,-10.519],[-6.91,28.954],[-110.512,-52.225],[18.04,-23.951],[-13.613,8.103],[0.516,25.722],[108.586,50.7],[28.89,-32.241]],"o":[[4.343,19.913],[6.715,-28.06],[110.512,52.225],[-15.943,21.17],[7.881,-4.691],[-0.954,-46.838],[-88.287,-41.239],[-19.95,22.256]],"v":[[-201.642,-69.053],[-133.394,-64.139],[19.581,-34.658],[126.646,58.714],[176.361,100.74],[201.05,56.666],[37.414,-74.562],[-185.616,-115.602]],"c":true}]},{"i":{"x":0.667,"y":1},"o":{"x":1,"y":0},"t":5,"s":[{"i":[[-2.956,-14.878],[-6.91,28.954],[-110.512,-52.225],[18.04,-23.951],[-13.613,8.103],[0.516,25.722],[108.586,50.7],[28.89,-32.241]],"o":[[2.956,14.878],[6.715,-28.06],[110.512,52.225],[-15.943,21.17],[7.881,-4.691],[-0.954,-46.838],[-88.287,-41.239],[-19.95,22.256]],"v":[[-242.301,-63.043],[-174.053,-58.129],[26.299,-30.769],[164.83,82.048],[214.545,124.074],[239.234,80],[39.889,-72.087],[-226.275,-109.592]],"c":true}]},{"i":{"x":0.833,"y":1},"o":{"x":1,"y":0},"t":7.5,"s":[{"i":[[-2.307,-10.519],[-6.91,28.954],[-110.512,-52.225],[18.04,-23.951],[-13.613,8.103],[0.516,25.722],[108.586,50.7],[28.89,-32.241]],"o":[[4.343,19.913],[6.715,-28.06],[110.512,52.225],[-15.943,21.17],[7.881,-4.691],[-0.954,-46.838],[-88.287,-41.239],[-19.95,22.256]],"v":[[-201.642,-69.053],[-133.394,-64.139],[19.581,-34.658],[126.646,58.714],[176.361,100.74],[201.05,56.666],[37.414,-74.562],[-185.616,-115.602]],"c":true}]},{"i":{"x":0.667,"y":1},"o":{"x":1,"y":0},"t":10,"s":[{"i":[[-2.956,-14.878],[-6.91,28.954],[-110.512,-52.225],[18.04,-23.951],[-13.613,8.103],[0.516,25.722],[108.586,50.7],[28.89,-32.241]],"o":[[2.956,14.878],[6.715,-28.06],[110.512,52.225],[-15.943,21.17],[7.881,-4.691],[-0.954,-46.838],[-88.287,-41.239],[-19.95,22.256]],"v":[[-245.441,-61.864],[-177.193,-56.95],[20.723,-39.902],[118.845,65.149],[168.56,107.175],[193.249,63.101],[36.747,-80.461],[-229.415,-108.413]],"c":true}]},{"i":{"x":0.833,"y":1},"o":{"x":1,"y":0},"t":12.5,"s":[{"i":[[-2.307,-10.519],[-6.91,28.954],[-110.512,-52.225],[18.04,-23.951],[-13.613,8.103],[0.516,25.722],[108.586,50.7],[28.89,-32.241]],"o":[[4.343,19.913],[6.715,-28.06],[110.512,52.225],[-15.943,21.17],[7.881,-4.691],[-0.954,-46.838],[-88.287,-41.239],[-19.95,22.256]],"v":[[-201.642,-69.053],[-133.394,-64.139],[19.581,-34.658],[126.646,58.714],[176.361,100.74],[201.05,56.666],[37.414,-74.562],[-185.616,-115.602]],"c":true}]},{"i":{"x":0.667,"y":1},"o":{"x":1,"y":0},"t":15,"s":[{"i":[[-2.956,-14.878],[-6.91,28.954],[-110.512,-52.225],[18.04,-23.951],[-13.613,8.103],[0.516,25.722],[108.586,50.7],[28.89,-32.241]],"o":[[2.956,14.878],[6.715,-28.06],[110.512,52.225],[-15.943,21.17],[7.881,-4.691],[-0.954,-46.838],[-88.287,-41.239],[-19.95,22.256]],"v":[[-242.301,-63.043],[-174.053,-58.129],[26.299,-30.769],[164.83,82.048],[214.545,124.074],[239.234,80],[39.889,-72.087],[-226.275,-109.592]],"c":true}]},{"i":{"x":0.667,"y":1},"o":{"x":1,"y":0},"t":17.5,"s":[{"i":[[-2.307,-10.519],[-6.91,28.954],[-110.512,-52.225],[18.04,-23.951],[-13.613,8.103],[0.516,25.722],[108.586,50.7],[28.89,-32.241]],"o":[[4.343,19.913],[6.715,-28.06],[110.512,52.225],[-15.943,21.17],[7.881,-4.691],[-0.954,-46.838],[-88.287,-41.239],[-19.95,22.256]],"v":[[-201.642,-69.053],[-133.394,-64.139],[19.581,-34.658],[126.646,58.714],[176.361,100.74],[201.05,56.666],[37.414,-74.562],[-185.616,-115.602]],"c":true}]},{"t":20,"s":[{"i":[[-2.307,-10.519],[-6.91,28.954],[-117.128,-54.695],[18.04,-23.951],[-13.613,8.103],[0.516,25.722],[108.586,50.7],[28.89,-32.241]],"o":[[4.343,19.913],[6.715,-28.06],[117.098,54.701],[-15.943,21.17],[7.881,-4.691],[-0.954,-46.838],[-88.287,-41.239],[-19.95,22.256]],"v":[[-230.142,-67.553],[-161.894,-62.639],[19.581,-34.658],[159.146,96.214],[208.861,138.24],[233.55,94.166],[42.414,-83.562],[-214.116,-114.102]],"c":true}]}],"ix":2},"nm":"Path 1","mn":"ADBE Vector Shape - Group","hd":false},{"ty":"mm","mm":4,"nm":"Merge Paths 1","mn":"ADBE Vector Filter - Merge","hd":false},{"ty":"fl","c":{"a":0,"k":[1,1,1,1],"ix":4},"o":{"a":0,"k":100,"ix":5},"r":1,"bm":0,"nm":"Fill 1","mn":"ADBE Vector Graphic - Fill","hd":false},{"ty":"tr","p":{"a":0,"k":[516.907,455.433],"ix":2},"a":{"a":0,"k":[0,0],"ix":1},"s":{"a":0,"k":[100,100],"ix":3},"r":{"a":0,"k":0,"ix":6},"o":{"a":0,"k":100,"ix":7},"sk":{"a":0,"k":0,"ix":4},"sa":{"a":0,"k":0,"ix":5},"nm":"Transform"}],"nm":"Group 1","np":3,"cix":2,"bm":0,"ix":1,"mn":"ADBE Vector Group","hd":false}],"ip":0,"op":30,"st":0,"bm":0},{"ddd":0,"ind":9,"ty":4,"nm":"Mieng","parent":1,"sr":1,"ks":{"o":{"a":0,"k":100,"ix":11},"r":{"a":0,"k":0,"ix":10},"p":{"a":0,"k":[46.078,55.096,0],"ix":2},"a":{"a":0,"k":[500,500,0],"ix":1},"s":{"a":0,"k":[16.34,15.924,100],"ix":6}},"ao":0,"shapes":[{"ty":"gr","it":[{"ty":"gr","it":[{"ind":0,"ty":"sh","ix":1,"ks":{"a":1,"k":[{"i":{"x":0.667,"y":1},"o":{"x":1,"y":0},"t":0,"s":[{"i":[[8.336,-50.715],[-147.572,-68.927],[-92.042,97.281],[147.572,68.926],[65.198,0]],"o":[[-17.902,108.718],[147.596,68.913],[71.149,-75.173],[-74.077,-34.601],[-64.69,0]],"v":[[-301.622,-172.833],[-129.403,175.847],[248.376,84.159],[40.823,-188.613],[-180.227,-244.76]],"c":true}]},{"i":{"x":0.833,"y":1},"o":{"x":1,"y":0},"t":2.5,"s":[{"i":[[8.336,-50.715],[-133.051,-65.957],[-84.83,91.731],[147.572,68.926],[65.198,0]],"o":[[-17.902,108.718],[135.454,67.148],[56.31,-60.89],[-74.077,-34.601],[-64.69,0]],"v":[[-304.622,-154.833],[-120.404,155.847],[235.376,77.159],[33.822,-175.613],[-189.227,-229.76]],"c":true}]},{"i":{"x":0.667,"y":1},"o":{"x":1,"y":0},"t":5,"s":[{"i":[[10.912,-50.224],[-139.636,-50.542],[-35.598,47.164],[147.572,68.926],[65.198,0]],"o":[[-29.465,135.614],[176.639,63.936],[88.58,-117.362],[-74.077,-34.601],[-64.69,0]],"v":[[-315.936,-157.661],[-118.282,203.223],[239.619,102.615],[29.58,-182.684],[-189.935,-236.124]],"c":true}]},{"i":{"x":0.833,"y":1},"o":{"x":1,"y":0},"t":7.5,"s":[{"i":[[8.336,-50.715],[-133.051,-65.957],[-84.83,91.731],[147.572,68.926],[65.198,0]],"o":[[-17.902,108.718],[135.454,67.148],[56.31,-60.89],[-74.077,-34.601],[-64.69,0]],"v":[[-304.622,-154.833],[-120.404,155.847],[235.376,77.159],[33.822,-175.613],[-189.227,-229.76]],"c":true}]},{"i":{"x":0.667,"y":1},"o":{"x":1,"y":0},"t":10,"s":[{"i":[[11.612,-50.067],[-137.731,-55.524],[-37.428,32.471],[239.622,122.961],[65.198,0]],"o":[[-38.301,165.139],[128.178,51.672],[80.161,-69.543],[-72.741,-37.327],[-64.69,0]],"v":[[-315.99,-166.717],[-122.156,201.811],[172.102,132.722],[34.135,-178.183],[-189.935,-236.124]],"c":true}]},{"i":{"x":0.833,"y":1},"o":{"x":1,"y":0},"t":12.5,"s":[{"i":[[8.336,-50.715],[-133.051,-65.957],[-84.83,91.731],[147.572,68.926],[65.198,0]],"o":[[-17.902,108.718],[135.454,67.148],[56.31,-60.89],[-74.077,-34.601],[-64.69,0]],"v":[[-304.622,-154.833],[-120.404,155.847],[235.376,77.159],[33.822,-175.613],[-189.227,-229.76]],"c":true}]},{"i":{"x":0.667,"y":1},"o":{"x":1,"y":0},"t":15,"s":[{"i":[[10.912,-50.224],[-139.636,-50.542],[-35.598,47.164],[147.572,68.926],[65.198,0]],"o":[[-29.465,135.614],[176.639,63.936],[88.58,-117.362],[-74.077,-34.601],[-64.69,0]],"v":[[-315.936,-157.661],[-118.282,203.223],[239.619,102.615],[29.58,-182.684],[-189.935,-236.124]],"c":true}]},{"i":{"x":0.667,"y":1},"o":{"x":1,"y":0},"t":17.5,"s":[{"i":[[8.336,-50.715],[-133.051,-65.957],[-84.83,91.731],[147.572,68.926],[65.198,0]],"o":[[-17.902,108.718],[135.454,67.148],[56.31,-60.89],[-74.077,-34.601],[-64.69,0]],"v":[[-304.622,-154.833],[-120.404,155.847],[235.376,77.159],[33.822,-175.613],[-189.227,-229.76]],"c":true}]},{"t":20,"s":[{"i":[[8.336,-50.715],[-147.572,-68.927],[-92.042,97.281],[147.572,68.926],[65.198,0]],"o":[[-17.902,108.718],[147.596,68.913],[71.149,-75.173],[-74.077,-34.601],[-64.69,0]],"v":[[-301.622,-172.833],[-129.403,175.847],[248.376,84.159],[40.823,-188.613],[-180.227,-244.76]],"c":true}]}],"ix":2},"nm":"Path 2","mn":"ADBE Vector Shape - Group","hd":false},{"ty":"tr","p":{"a":0,"k":[0,0],"ix":2},"a":{"a":0,"k":[0,0],"ix":1},"s":{"a":0,"k":[100,100],"ix":3},"r":{"a":0,"k":0,"ix":6},"o":{"a":0,"k":100,"ix":7},"sk":{"a":0,"k":0,"ix":4},"sa":{"a":0,"k":0,"ix":5},"nm":"Transform"}],"nm":"Group 1","np":1,"cix":2,"bm":0,"ix":1,"mn":"ADBE Vector Group","hd":false},{"ty":"mm","mm":4,"nm":"Merge Paths 1","mn":"ADBE Vector Filter - Merge","hd":false},{"ty":"gf","o":{"a":0,"k":100,"ix":10},"r":1,"bm":0,"g":{"p":3,"k":{"a":0,"k":[0,0.651,0.212,0.137,0.5,0.573,0.173,0.118,1,0.494,0.133,0.098],"ix":9}},"s":{"a":0,"k":[-43.031,-22.656],"ix":5},"e":{"a":0,"k":[221.648,18.867],"ix":6},"t":2,"h":{"a":0,"k":0,"ix":7},"a":{"a":0,"k":0,"ix":8},"nm":"Gradient Fill 1","mn":"ADBE Vector Graphic - G-Fill","hd":false},{"ty":"tr","p":{"a":0,"k":[532.454,548.11],"ix":2},"a":{"a":0,"k":[0,0],"ix":1},"s":{"a":0,"k":[100,100],"ix":3},"r":{"a":0,"k":0,"ix":6},"o":{"a":0,"k":100,"ix":7},"sk":{"a":0,"k":0,"ix":4},"sa":{"a":0,"k":0,"ix":5},"nm":"Transform"}],"nm":"Group 1","np":3,"cix":2,"bm":0,"ix":1,"mn":"ADBE Vector Group","hd":false}],"ip":0,"op":30,"st":0,"bm":0},{"ddd":0,"ind":10,"ty":4,"nm":"Bong Mieng","parent":1,"sr":1,"ks":{"o":{"a":0,"k":100,"ix":11},"r":{"a":0,"k":0,"ix":10},"p":{"a":0,"k":[46.078,55.096,0],"ix":2},"a":{"a":0,"k":[500,500,0],"ix":1},"s":{"a":0,"k":[16.34,15.924,100],"ix":6}},"ao":0,"shapes":[{"ty":"gr","it":[{"ty":"gr","it":[{"ind":0,"ty":"sh","ix":1,"ks":{"a":1,"k":[{"i":{"x":0.667,"y":1},"o":{"x":1,"y":0},"t":0,"s":[{"i":[[130.121,60.768],[-20.407,124.036],[-25.795,13.607],[-101.629,-47.462],[-15.366,-80.741],[19.055,-20.123]],"o":[[-142.573,-66.583],[4.583,-27.759],[72.782,-38.397],[100.501,46.94],[5.28,27.843],[-113.001,119.417]],"v":[[-118.34,210.536],[-291.875,-156.081],[-246.112,-218.411],[67.268,-186.873],[294.46,36.341],[273.747,108.625]],"c":true}]},{"i":{"x":0.833,"y":1},"o":{"x":1,"y":0},"t":2.5,"s":[{"i":[[98.632,61.572],[-18.834,114.189],[-25.795,13.607],[-101.629,-47.462],[-15.366,-80.741],[19.055,-20.123]],"o":[[-121.785,-76.025],[4.579,-27.76],[72.782,-38.397],[100.501,46.94],[5.28,27.843],[-113.001,119.417]],"v":[[-133.341,169.537],[-293.875,-140.081],[-245.112,-205.411],[58.268,-169.873],[284.46,39.341],[258.747,111.625]],"c":true}]},{"i":{"x":0.667,"y":1},"o":{"x":1,"y":0},"t":5,"s":[{"i":[[143.975,73.415],[5.403,123.524],[-37.53,27.285],[-103.451,-43.347],[-15.366,-80.741],[99.784,-80.805]],"o":[[-127.899,-65.217],[-1.229,-28.108],[79.677,-57.926],[117.829,49.372],[5.28,27.843],[-86.544,70.084]],"v":[[-137.583,230.348],[-322.866,-87.048],[-274.811,-202.583],[40.945,-189.319],[298.248,27.673],[217.736,187.992]],"c":true}]},{"i":{"x":0.833,"y":1},"o":{"x":1,"y":0},"t":7.5,"s":[{"i":[[98.632,61.572],[-18.834,114.189],[-25.795,13.607],[-101.629,-47.462],[-15.366,-80.741],[19.055,-20.123]],"o":[[-121.785,-76.025],[4.579,-27.76],[72.782,-38.397],[100.501,46.94],[5.28,27.843],[-113.001,119.417]],"v":[[-133.341,169.537],[-293.875,-140.081],[-245.112,-205.411],[58.268,-169.873],[284.46,39.341],[258.747,111.625]],"c":true}]},{"i":{"x":0.667,"y":1},"o":{"x":1,"y":0},"t":10,"s":[{"i":[[142.983,75.327],[5.403,123.524],[-37.53,27.285],[-103.451,-43.347],[-15.366,-80.741],[99.784,-80.805]],"o":[[-102.151,-53.816],[-1.229,-28.108],[79.677,-57.926],[117.829,49.372],[5.28,27.843],[-86.544,70.083]],"v":[[-169.461,217.948],[-333.438,-82.126],[-293.13,-200.486],[4.566,-197.165],[261.869,19.828],[181.356,180.146]],"c":true}]},{"i":{"x":0.833,"y":1},"o":{"x":1,"y":0},"t":12.5,"s":[{"i":[[98.632,61.572],[-18.834,114.189],[-25.795,13.607],[-101.629,-47.462],[-15.366,-80.741],[19.055,-20.123]],"o":[[-121.785,-76.025],[4.579,-27.76],[72.782,-38.397],[100.501,46.94],[5.28,27.843],[-113.001,119.417]],"v":[[-133.341,169.537],[-293.875,-140.081],[-245.112,-205.411],[58.268,-169.873],[284.46,39.341],[258.747,111.625]],"c":true}]},{"i":{"x":0.667,"y":1},"o":{"x":1,"y":0},"t":15,"s":[{"i":[[143.975,73.415],[5.403,123.524],[-37.53,27.285],[-103.451,-43.347],[-15.366,-80.741],[99.784,-80.805]],"o":[[-127.899,-65.217],[-1.229,-28.108],[79.677,-57.926],[117.829,49.372],[5.28,27.843],[-86.544,70.084]],"v":[[-137.583,230.348],[-322.866,-87.048],[-274.811,-202.583],[40.945,-189.319],[298.248,27.673],[217.736,187.992]],"c":true}]},{"i":{"x":0.667,"y":1},"o":{"x":1,"y":0},"t":17.5,"s":[{"i":[[98.632,61.572],[-18.834,114.189],[-25.795,13.607],[-101.629,-47.462],[-15.366,-80.741],[19.055,-20.123]],"o":[[-121.785,-76.025],[4.579,-27.76],[72.782,-38.397],[100.501,46.94],[5.28,27.843],[-113.001,119.417]],"v":[[-133.341,169.537],[-293.875,-140.081],[-245.112,-205.411],[58.268,-169.873],[284.46,39.341],[258.747,111.625]],"c":true}]},{"t":20,"s":[{"i":[[130.121,60.768],[-20.407,124.036],[-25.795,13.607],[-101.629,-47.462],[-15.366,-80.741],[19.055,-20.123]],"o":[[-142.573,-66.583],[4.583,-27.759],[72.782,-38.397],[100.501,46.94],[5.28,27.843],[-113.001,119.417]],"v":[[-118.34,210.536],[-291.875,-156.081],[-246.112,-218.411],[67.268,-186.873],[294.46,36.341],[273.747,108.625]],"c":true}]}],"ix":2},"nm":"Path 4","mn":"ADBE Vector Shape - Group","hd":false},{"ty":"tr","p":{"a":0,"k":[0,0],"ix":2},"a":{"a":0,"k":[0,0],"ix":1},"s":{"a":0,"k":[100,100],"ix":3},"r":{"a":0,"k":0,"ix":6},"o":{"a":0,"k":100,"ix":7},"sk":{"a":0,"k":0,"ix":4},"sa":{"a":0,"k":0,"ix":5},"nm":"Transform"}],"nm":"Group 1","np":1,"cix":2,"bm":0,"ix":1,"mn":"ADBE Vector Group","hd":false},{"ty":"mm","mm":4,"nm":"Merge Paths 1","mn":"ADBE Vector Filter - Merge","hd":false},{"ty":"gf","o":{"a":0,"k":100,"ix":10},"r":1,"bm":0,"g":{"p":3,"k":{"a":0,"k":[0,0.916,0.486,0.116,0.5,0.942,0.543,0.184,1,0.969,0.6,0.251,0,0.8,0.5,0.4,1,0],"ix":9}},"s":{"a":0,"k":[-131.695,206.547],"ix":5},"e":{"a":0,"k":[64.586,-185.945],"ix":6},"t":1,"nm":"Gradient Fill 1","mn":"ADBE Vector Graphic - G-Fill","hd":false},{"ty":"tr","p":{"a":0,"k":[513.708,529.891],"ix":2},"a":{"a":0,"k":[0,0],"ix":1},"s":{"a":0,"k":[100,100],"ix":3},"r":{"a":0,"k":0,"ix":6},"o":{"a":0,"k":100,"ix":7},"sk":{"a":0,"k":0,"ix":4},"sa":{"a":0,"k":0,"ix":5},"nm":"Transform"}],"nm":"Group 1","np":3,"cix":2,"bm":0,"ix":1,"mn":"ADBE Vector Group","hd":false}],"ip":0,"op":30,"st":0,"bm":0},{"ddd":0,"ind":11,"ty":4,"nm":"Light Shadow Up","sr":1,"ks":{"o":{"a":1,"k":[{"i":{"x":[0.667],"y":[1]},"o":{"x":[0.167],"y":[0.167]},"t":0,"s":[60]},{"i":{"x":[0.667],"y":[1]},"o":{"x":[0.333],"y":[0]},"t":13.333,"s":[100]},{"i":{"x":[0.667],"y":[1]},"o":{"x":[0.333],"y":[0]},"t":15.333,"s":[100]},{"i":{"x":[0.667],"y":[1]},"o":{"x":[0.333],"y":[0]},"t":18.667,"s":[100]},{"i":{"x":[0.667],"y":[1]},"o":{"x":[0.333],"y":[0]},"t":22.667,"s":[57]},{"t":26,"s":[100]}],"ix":11},"r":{"a":0,"k":0,"ix":10},"p":{"a":0,"k":[500,500,0],"ix":2},"a":{"a":0,"k":[500,500,0],"ix":1},"s":{"a":0,"k":[100,100,100],"ix":6}},"ao":0,"shapes":[{"ty":"gr","it":[{"ty":"gr","it":[{"ind":0,"ty":"sh","ix":1,"ks":{"a":0,"k":{"i":[[0,-200.186],[-0.504,-7.77],[-155.156,0],[-75.292,-121.833],[0,7.897],[202.793,0]],"o":[[0,7.896],[75.291,-121.832],[155.151,0],[0.504,-7.77],[0,-200.186],[-202.8,0]],"v":[[-367.198,169.491],[-366.348,192.97],[0,-10.201],[366.347,192.971],[367.198,169.491],[0,-192.972]],"c":true},"ix":2},"nm":"Path 2","mn":"ADBE Vector Shape - Group","hd":false},{"ty":"tr","p":{"a":0,"k":[0,0],"ix":2},"a":{"a":0,"k":[0,0],"ix":1},"s":{"a":0,"k":[100,100],"ix":3},"r":{"a":0,"k":0,"ix":6},"o":{"a":0,"k":100,"ix":7},"sk":{"a":0,"k":0,"ix":4},"sa":{"a":0,"k":0,"ix":5},"nm":"Transform"}],"nm":"Group 1","np":1,"cix":2,"bm":0,"ix":1,"mn":"ADBE Vector Group","hd":false},{"ty":"mm","mm":4,"nm":"Merge Paths 1","mn":"ADBE Vector Filter - Merge","hd":false},{"ty":"gf","o":{"a":0,"k":100,"ix":10},"r":1,"bm":0,"g":{"p":3,"k":{"a":0,"k":[0,1,1,1,0.5,0.99,1,1,1,0.98,1,1,0,1,0.5,0.5,1,0],"ix":9}},"s":{"a":0,"k":[-9.945,-191.602],"ix":5},"e":{"a":0,"k":[-15.383,0.867],"ix":6},"t":1,"nm":"Gradient Fill 1","mn":"ADBE Vector Graphic - G-Fill","hd":false},{"ty":"tr","p":{"a":0,"k":[499.315,325.606],"ix":2},"a":{"a":0,"k":[0,0],"ix":1},"s":{"a":0,"k":[100,100],"ix":3},"r":{"a":0,"k":0,"ix":6},"o":{"a":0,"k":100,"ix":7},"sk":{"a":0,"k":0,"ix":4},"sa":{"a":0,"k":0,"ix":5},"nm":"Transform"}],"nm":"Group 1","np":3,"cix":2,"bm":0,"ix":1,"mn":"ADBE Vector Group","hd":false}],"ip":0,"op":30.6666666666667,"st":0,"bm":0},{"ddd":0,"ind":12,"ty":4,"nm":"Face","sr":1,"ks":{"o":{"a":0,"k":100,"ix":11},"r":{"a":0,"k":0,"ix":10},"p":{"a":0,"k":[500,500,0],"ix":2},"a":{"a":0,"k":[500,500,0],"ix":1},"s":{"a":0,"k":[100,100,100],"ix":6}},"ao":0,"shapes":[{"ty":"gr","it":[{"ty":"gr","it":[{"ind":0,"ty":"sh","ix":1,"ks":{"a":0,"k":{"i":[[0,-208.134],[-208.134,0],[0,208.128],[208.128,0]],"o":[[0,208.128],[208.128,0],[0,-208.134],[-208.134,0]],"v":[[-376.855,0],[0,376.855],[376.855,0],[0,-376.855]],"c":true},"ix":2},"nm":"Path 2","mn":"ADBE Vector Shape - Group","hd":false},{"ty":"tr","p":{"a":0,"k":[0,0],"ix":2},"a":{"a":0,"k":[0,0],"ix":1},"s":{"a":0,"k":[100,100],"ix":3},"r":{"a":0,"k":0,"ix":6},"o":{"a":0,"k":100,"ix":7},"sk":{"a":0,"k":0,"ix":4},"sa":{"a":0,"k":0,"ix":5},"nm":"Transform"}],"nm":"Group 1","np":1,"cix":2,"bm":0,"ix":1,"mn":"ADBE Vector Group","hd":false},{"ty":"mm","mm":4,"nm":"Merge Paths 1","mn":"ADBE Vector Filter - Merge","hd":false},{"ty":"gf","o":{"a":0,"k":100,"ix":10},"r":1,"bm":0,"g":{"p":7,"k":{"a":0,"k":[0,1,1,0.651,0.063,1,0.988,0.596,0.126,1,0.976,0.541,0.485,0.961,0.784,0.286,0.844,0.922,0.592,0.031,0.922,0.951,0.553,0.031,1,0.98,0.514,0.031],"ix":9}},"s":{"a":0,"k":[142.273,-155.805],"ix":5},"e":{"a":0,"k":[-277.203,255.742],"ix":6},"t":2,"h":{"a":0,"k":0,"ix":7},"a":{"a":0,"k":0,"ix":8},"nm":"Gradient Fill 1","mn":"ADBE Vector Graphic - G-Fill","hd":false},{"ty":"tr","p":{"a":0,"k":[500.494,499.751],"ix":2},"a":{"a":0,"k":[0,0],"ix":1},"s":{"a":0,"k":[100,100],"ix":3},"r":{"a":0,"k":0,"ix":6},"o":{"a":0,"k":100,"ix":7},"sk":{"a":0,"k":0,"ix":4},"sa":{"a":0,"k":0,"ix":5},"nm":"Transform"}],"nm":"Group 1","np":3,"cix":2,"bm":0,"ix":1,"mn":"ADBE Vector Group","hd":false}],"ip":0,"op":30,"st":0,"bm":0}]}],"layers":[{"ddd":0,"ind":1,"ty":0,"nm":"LOL source","refId":"comp_0","sr":1,"ks":{"o":{"a":0,"k":100,"ix":11},"r":{"a":0,"k":0,"ix":10},"p":{"a":0,"k":[500,500,0],"ix":2},"a":{"a":0,"k":[500,500,0],"ix":1},"s":{"a":0,"k":[120,120,100],"ix":6}},"ao":0,"w":1000,"h":1000,"ip":0,"op":30,"st":0,"bm":0}],"markers":[]}