{"v":"5.5.10","fr":10,"ip":0,"op":31,"w":1000,"h":1000,"nm":"WOW Fixed Padding","ddd":0,"assets":[],"layers":[{"ddd":0,"ind":1,"ty":4,"nm":"Nguoi Trang Phai","sr":1,"ks":{"o":{"a":0,"k":100,"ix":11},"r":{"a":0,"k":0,"ix":10},"p":{"a":1,"k":[{"i":{"x":0.667,"y":1},"o":{"x":0.333,"y":0.382},"t":0,"s":[461.599,499.433,0],"to":[-82.599,-1.219,0],"ti":[45.302,0.669,0]},{"i":{"x":0.667,"y":0.667},"o":{"x":0.333,"y":0.333},"t":4.667,"s":[174.8,495.2,0],"to":[0,0,0],"ti":[0,0,0]},{"i":{"x":0.667,"y":1},"o":{"x":0.333,"y":0},"t":8,"s":[174.8,495.2,0],"to":[-12.4,-10.6,0],"ti":[12.4,10.6,0]},{"i":{"x":0.667,"y":0.667},"o":{"x":0.333,"y":0.333},"t":13.333,"s":[100.4,431.6,0],"to":[0,0,0],"ti":[0,0,0]},{"i":{"x":0.667,"y":1},"o":{"x":0.333,"y":0},"t":16.667,"s":[100.4,431.6,0],"to":[35.1,-6.9,0],"ti":[-35.1,6.9,0]},{"i":{"x":0.667,"y":0.667},"o":{"x":0.333,"y":0.333},"t":22,"s":[311,390.2,0],"to":[0,0,0],"ti":[0,0,0]},{"i":{"x":0.667,"y":0.75},"o":{"x":0.333,"y":0},"t":24.667,"s":[311,390.2,0],"to":[23.151,13.449,0],"ti":[-39.794,-23.119,0]},{"t":28,"s":[486.006,491.87,0]}],"ix":2},"a":{"a":0,"k":[500,500,0],"ix":1},"s":{"a":1,"k":[{"i":{"x":[0.667,0.667,0.667],"y":[1,1,1]},"o":{"x":[0.333,0.333,0.333],"y":[0.382,0.382,0]},"t":0,"s":[125.864,124.708,100]},{"i":{"x":[0.667,0.667,0.667],"y":[1,1,1]},"o":{"x":[0.333,0.333,0.333],"y":[0,0,0]},"t":4.667,"s":[169.663,159.868,100]},{"i":{"x":[0.667,0.667,0.667],"y":[1,1,1]},"o":{"x":[0.333,0.333,0.333],"y":[0,0,0]},"t":8,"s":[169.663,159.868,100]},{"i":{"x":[0.667,0.667,0.667],"y":[1,1,1]},"o":{"x":[0.333,0.333,0.333],"y":[0,0,0]},"t":13.333,"s":[162.236,153.194,100]},{"i":{"x":[0.667,0.667,0.667],"y":[1,1,1]},"o":{"x":[0.333,0.333,0.333],"y":[0,0,0]},"t":16.667,"s":[162.236,153.194,100]},{"i":{"x":[0.667,0.667,0.667],"y":[1,1,1]},"o":{"x":[0.333,0.333,0.333],"y":[0,0,0]},"t":22,"s":[141.578,139.71,100]},{"i":{"x":[0.667,0.667,0.667],"y":[0.75,0.75,1]},"o":{"x":[0.333,0.333,0.333],"y":[0,0,0]},"t":24.667,"s":[141.578,139.71,100]},{"t":28,"s":[121.598,121.459,100]}],"ix":6}},"ao":0,"shapes":[{"ty":"gr","it":[{"ind":0,"ty":"sh","ix":1,"ks":{"a":0,"k":{"i":[[0,-9.061],[8.304,0],[0,9.061],[-8.303,0]],"o":[[0,9.061],[-8.303,0],[0,-9.061],[8.304,0]],"v":[[15.035,0],[0,16.406],[-15.034,0],[0,-16.406]],"c":true},"ix":2},"nm":"Path 1","mn":"ADBE Vector Shape - Group","hd":false},{"ty":"mm","mm":4,"nm":"Merge Paths 1","mn":"ADBE Vector Filter - Merge","hd":false},{"ty":"fl","c":{"a":0,"k":[1,1,1,1],"ix":4},"o":{"a":0,"k":100,"ix":5},"r":1,"bm":0,"nm":"Fill 1","mn":"ADBE Vector Graphic - Fill","hd":false},{"ty":"tr","p":{"a":0,"k":[806.857,417.446],"ix":2},"a":{"a":0,"k":[0,0],"ix":1},"s":{"a":0,"k":[100,100],"ix":3},"r":{"a":0,"k":0,"ix":6},"o":{"a":0,"k":100,"ix":7},"sk":{"a":0,"k":0,"ix":4},"sa":{"a":0,"k":0,"ix":5},"nm":"Transform"}],"nm":"Group 1","np":3,"cix":2,"bm":0,"ix":1,"mn":"ADBE Vector Group","hd":false}],"ip":0,"op":31.4285714285714,"st":0,"bm":0},{"ddd":0,"ind":2,"ty":4,"nm":"Trong Den Phai","sr":1,"ks":{"o":{"a":0,"k":100,"ix":11},"r":{"a":0,"k":0,"ix":10},"p":{"a":1,"k":[{"i":{"x":0.667,"y":1},"o":{"x":0.333,"y":0.382},"t":0,"s":[459.049,499.433,0],"to":[-88.085,-1.219,0],"ti":[48.311,0.669,0]},{"i":{"x":0.667,"y":0.667},"o":{"x":0.333,"y":0.333},"t":4.667,"s":[153.2,495.2,0],"to":[0,0,0],"ti":[0,0,0]},{"i":{"x":0.667,"y":1},"o":{"x":0.333,"y":0},"t":8,"s":[153.2,495.2,0],"to":[-12.4,-10.6,0],"ti":[12.4,10.6,0]},{"i":{"x":0.667,"y":0.667},"o":{"x":0.333,"y":0.333},"t":13.333,"s":[78.8,431.6,0],"to":[0,0,0],"ti":[0,0,0]},{"i":{"x":0.667,"y":1},"o":{"x":0.333,"y":0},"t":16.667,"s":[78.8,431.6,0],"to":[35.1,-6.9,0],"ti":[-35.1,6.9,0]},{"i":{"x":0.667,"y":0.667},"o":{"x":0.333,"y":0.333},"t":22,"s":[289.4,390.2,0],"to":[0,0,0],"ti":[0,0,0]},{"i":{"x":0.667,"y":0.75},"o":{"x":0.333,"y":0},"t":24.667,"s":[289.4,390.2,0],"to":[25.796,13.449,0],"ti":[-44.342,-23.119,0]},{"t":28,"s":[484.407,491.87,0]}],"ix":2},"a":{"a":0,"k":[500,500,0],"ix":1},"s":{"a":1,"k":[{"i":{"x":[0.667,0.667,0.667],"y":[1,1,1]},"o":{"x":[0.333,0.333,0.333],"y":[0.382,0.382,0]},"t":0,"s":[126.895,125.17,100]},{"i":{"x":[0.667,0.667,0.667],"y":[1,1,1]},"o":{"x":[0.333,0.333,0.333],"y":[0,0,0]},"t":4.667,"s":[178.391,163.784,100]},{"i":{"x":[0.667,0.667,0.667],"y":[1,1,1]},"o":{"x":[0.333,0.333,0.333],"y":[0,0,0]},"t":8,"s":[178.391,163.784,100]},{"i":{"x":[0.667,0.667,0.667],"y":[1,1,1]},"o":{"x":[0.333,0.333,0.333],"y":[0,0,0]},"t":13.333,"s":[170.964,157.111,100]},{"i":{"x":[0.667,0.667,0.667],"y":[1,1,1]},"o":{"x":[0.333,0.333,0.333],"y":[0,0,0]},"t":16.667,"s":[170.964,157.111,100]},{"i":{"x":[0.667,0.667,0.667],"y":[1,1,1]},"o":{"x":[0.333,0.333,0.333],"y":[0,0,0]},"t":22,"s":[150.305,143.626,100]},{"i":{"x":[0.667,0.667,0.667],"y":[0.75,0.75,1]},"o":{"x":[0.333,0.333,0.333],"y":[0,0,0]},"t":24.667,"s":[150.305,143.626,100]},{"t":28,"s":[122.244,121.749,100]}],"ix":6}},"ao":0,"shapes":[{"ty":"gr","it":[{"ind":0,"ty":"sh","ix":1,"ks":{"a":0,"k":{"i":[[0,-20.808],[18.096,0],[0,20.807],[-18.095,0]],"o":[[0,20.807],[-18.095,0],[0,-20.808],[18.096,0]],"v":[[32.765,0],[-0.001,37.674],[-32.765,0],[-0.001,-37.674]],"c":true},"ix":2},"nm":"Path 1","mn":"ADBE Vector Shape - Group","hd":false},{"ty":"mm","mm":4,"nm":"Merge Paths 1","mn":"ADBE Vector Filter - Merge","hd":false},{"ty":"fl","c":{"a":0,"k":[0.039000002543,0.090000002992,0.109999997008,1],"ix":4},"o":{"a":0,"k":100,"ix":5},"r":1,"bm":0,"nm":"Fill 1","mn":"ADBE Vector Graphic - Fill","hd":false},{"ty":"tr","p":{"a":0,"k":[783.478,431.683],"ix":2},"a":{"a":0,"k":[0,0],"ix":1},"s":{"a":0,"k":[100,100],"ix":3},"r":{"a":0,"k":0,"ix":6},"o":{"a":0,"k":100,"ix":7},"sk":{"a":0,"k":0,"ix":4},"sa":{"a":0,"k":0,"ix":5},"nm":"Transform"}],"nm":"Group 1","np":3,"cix":2,"bm":0,"ix":1,"mn":"ADBE Vector Group","hd":false}],"ip":0,"op":31.4285714285714,"st":0,"bm":0},{"ddd":0,"ind":3,"ty":4,"nm":"Trong Xanh Phai","sr":1,"ks":{"o":{"a":0,"k":100,"ix":11},"r":{"a":0,"k":0,"ix":10},"p":{"a":1,"k":[{"i":{"x":0.667,"y":1},"o":{"x":0.333,"y":0.382},"t":0,"s":[458.623,498.583,0],"to":[-89,-3.048,0],"ti":[48.813,1.672,0]},{"i":{"x":0.667,"y":0.667},"o":{"x":0.333,"y":0.333},"t":4.667,"s":[149.6,488,0],"to":[0,0,0],"ti":[0,0,0]},{"i":{"x":0.667,"y":1},"o":{"x":0.333,"y":0},"t":8,"s":[149.6,488,0],"to":[-12.4,-10.6,0],"ti":[12.4,10.6,0]},{"i":{"x":0.667,"y":0.667},"o":{"x":0.333,"y":0.333},"t":13.333,"s":[75.2,424.4,0],"to":[0,0,0],"ti":[0,0,0]},{"i":{"x":0.667,"y":1},"o":{"x":0.333,"y":0},"t":16.667,"s":[75.2,424.4,0],"to":[35.1,-6.9,0],"ti":[-35.1,6.9,0]},{"i":{"x":0.667,"y":0.667},"o":{"x":0.333,"y":0.333},"t":22,"s":[285.8,383,0],"to":[0,0,0],"ti":[0,0,0]},{"i":{"x":0.667,"y":0.75},"o":{"x":0.333,"y":0},"t":24.667,"s":[285.8,383,0],"to":[26.237,14.331,0],"ti":[-45.1,-24.635,0]},{"t":28,"s":[484.14,491.337,0]}],"ix":2},"a":{"a":0,"k":[500,500,0],"ix":1},"s":{"a":1,"k":[{"i":{"x":[0.667,0.667,0.667],"y":[1,1,1]},"o":{"x":[0.333,0.333,0.333],"y":[0.382,0.382,0]},"t":0,"s":[126.997,124.601,100]},{"i":{"x":[0.667,0.667,0.667],"y":[1,1,1]},"o":{"x":[0.333,0.333,0.333],"y":[0,0,0]},"t":4.667,"s":[179.254,158.962,100]},{"i":{"x":[0.667,0.667,0.667],"y":[1,1,1]},"o":{"x":[0.333,0.333,0.333],"y":[0,0,0]},"t":8,"s":[179.254,158.962,100]},{"i":{"x":[0.667,0.667,0.667],"y":[1,1,1]},"o":{"x":[0.333,0.333,0.333],"y":[0,0,0]},"t":13.333,"s":[171.827,152.288,100]},{"i":{"x":[0.667,0.667,0.667],"y":[1,1,1]},"o":{"x":[0.333,0.333,0.333],"y":[0,0,0]},"t":16.667,"s":[171.827,152.288,100]},{"i":{"x":[0.667,0.667,0.667],"y":[1,1,1]},"o":{"x":[0.333,0.333,0.333],"y":[0,0,0]},"t":22,"s":[151.168,138.804,100]},{"i":{"x":[0.667,0.667,0.667],"y":[0.75,0.75,1]},"o":{"x":[0.333,0.333,0.333],"y":[0,0,0]},"t":24.667,"s":[151.168,138.804,100]},{"t":28,"s":[122.308,121.392,100]}],"ix":6}},"ao":0,"shapes":[{"ty":"gr","it":[{"ty":"gr","it":[{"ind":0,"ty":"sh","ix":1,"ks":{"a":0,"k":{"i":[[0,-35.413],[-30.799,0],[0,35.413],[30.798,0]],"o":[[0,35.413],[30.798,0],[0,-35.413],[-30.799,0]],"v":[[-55.766,-0.001],[0,64.121],[55.766,-0.001],[0,-64.121]],"c":true},"ix":2},"nm":"Path 2","mn":"ADBE Vector Shape - Group","hd":false},{"ty":"tr","p":{"a":0,"k":[0,0],"ix":2},"a":{"a":0,"k":[0,0],"ix":1},"s":{"a":0,"k":[100,100],"ix":3},"r":{"a":0,"k":0,"ix":6},"o":{"a":0,"k":100,"ix":7},"sk":{"a":0,"k":0,"ix":4},"sa":{"a":0,"k":0,"ix":5},"nm":"Transform"}],"nm":"Group 1","np":1,"cix":2,"bm":0,"ix":1,"mn":"ADBE Vector Group","hd":false},{"ty":"mm","mm":4,"nm":"Merge Paths 1","mn":"ADBE Vector Filter - Merge","hd":false},{"ty":"gf","o":{"a":0,"k":100,"ix":10},"r":1,"bm":0,"g":{"p":3,"k":{"a":0,"k":[0,0.184,0.655,0.749,0.5,0.165,0.612,0.784,1,0.145,0.569,0.82],"ix":9}},"s":{"a":0,"k":[-57,-0.5],"ix":5},"e":{"a":0,"k":[57,1],"ix":6},"t":1,"nm":"Gradient Fill 1","mn":"ADBE Vector Graphic - G-Fill","hd":false},{"ty":"tr","p":{"a":0,"k":[794.592,431.684],"ix":2},"a":{"a":0,"k":[0,0],"ix":1},"s":{"a":0,"k":[100,100],"ix":3},"r":{"a":0,"k":0,"ix":6},"o":{"a":0,"k":100,"ix":7},"sk":{"a":0,"k":0,"ix":4},"sa":{"a":0,"k":0,"ix":5},"nm":"Transform"}],"nm":"Group 1","np":3,"cix":2,"bm":0,"ix":1,"mn":"ADBE Vector Group","hd":false}],"ip":0,"op":31.4285714285714,"st":0,"bm":0},{"ddd":0,"ind":4,"ty":4,"nm":"Trong Trang Phai","sr":1,"ks":{"o":{"a":0,"k":100,"ix":11},"r":{"a":0,"k":0,"ix":10},"p":{"a":1,"k":[{"i":{"x":0.667,"y":1},"o":{"x":0.333,"y":0.382},"t":0,"s":[459.049,500.283,0],"to":[-88.085,0.61,0],"ti":[48.311,-0.334,0]},{"i":{"x":0.667,"y":0.667},"o":{"x":0.333,"y":0.333},"t":4.667,"s":[153.2,502.4,0],"to":[0,0,0],"ti":[0,0,0]},{"i":{"x":0.667,"y":1},"o":{"x":0.333,"y":0},"t":8,"s":[153.2,502.4,0],"to":[-8.4,-9.8,0],"ti":[8.4,9.8,0]},{"i":{"x":0.667,"y":0.667},"o":{"x":0.333,"y":0.333},"t":13.333,"s":[102.8,443.6,0],"to":[0,0,0],"ti":[0,0,0]},{"i":{"x":0.667,"y":1},"o":{"x":0.333,"y":0},"t":16.667,"s":[102.8,443.6,0],"to":[25.8,-6.8,0],"ti":[-25.8,6.8,0]},{"i":{"x":0.667,"y":0.667},"o":{"x":0.333,"y":0.333},"t":22,"s":[257.6,402.8,0],"to":[0,0,0],"ti":[0,0,0]},{"i":{"x":0.667,"y":0.75},"o":{"x":0.333,"y":0},"t":24.667,"s":[257.6,402.8,0],"to":[29.692,11.906,0],"ti":[-51.038,-20.466,0]},{"t":28,"s":[482.052,492.803,0]}],"ix":2},"a":{"a":0,"k":[500,500,0],"ix":1},"s":{"a":1,"k":[{"i":{"x":[0.667,0.667,0.667],"y":[1,1,1]},"o":{"x":[0.333,0.333,0.333],"y":[0.382,0.382,0]},"t":0,"s":[126.411,123.683,100]},{"i":{"x":[0.667,0.667,0.667],"y":[1,1,1]},"o":{"x":[0.333,0.333,0.333],"y":[0,0,0]},"t":4.667,"s":[174.288,151.188,100]},{"i":{"x":[0.667,0.667,0.667],"y":[1,1,1]},"o":{"x":[0.333,0.333,0.333],"y":[0,0,0]},"t":8,"s":[174.288,151.188,100]},{"i":{"x":[0.667,0.667,0.667],"y":[1,1,1]},"o":{"x":[0.333,0.333,0.333],"y":[0,0,0]},"t":13.333,"s":[166.861,144.514,100]},{"i":{"x":[0.667,0.667,0.667],"y":[1,1,1]},"o":{"x":[0.333,0.333,0.333],"y":[0,0,0]},"t":16.667,"s":[166.861,144.514,100]},{"i":{"x":[0.667,0.667,0.667],"y":[1,1,1]},"o":{"x":[0.333,0.333,0.333],"y":[0,0,0]},"t":22,"s":[146.579,134.201,100]},{"i":{"x":[0.667,0.667,0.667],"y":[0.75,0.75,1]},"o":{"x":[0.333,0.333,0.333],"y":[0,0,0]},"t":24.667,"s":[146.579,134.201,100]},{"t":28,"s":[121.968,121.051,100]}],"ix":6}},"ao":0,"shapes":[{"ty":"gr","it":[{"ty":"gr","it":[{"ind":0,"ty":"sh","ix":1,"ks":{"a":0,"k":{"i":[[0,-68.155],[-59.273,0],[0,68.153],[59.272,0]],"o":[[0,68.153],[59.272,0],[0,-68.155],[-59.273,0]],"v":[[-107.322,0],[0,123.404],[107.322,0],[0,-123.404]],"c":true},"ix":2},"nm":"Path 2","mn":"ADBE Vector Shape - Group","hd":false},{"ty":"tr","p":{"a":0,"k":[0,0],"ix":2},"a":{"a":0,"k":[0,0],"ix":1},"s":{"a":0,"k":[100,100],"ix":3},"r":{"a":0,"k":0,"ix":6},"o":{"a":0,"k":100,"ix":7},"sk":{"a":0,"k":0,"ix":4},"sa":{"a":0,"k":0,"ix":5},"nm":"Transform"}],"nm":"Group 1","np":1,"cix":2,"bm":0,"ix":1,"mn":"ADBE Vector Group","hd":false},{"ty":"mm","mm":4,"nm":"Merge Paths 1","mn":"ADBE Vector Filter - Merge","hd":false},{"ty":"gf","o":{"a":0,"k":100,"ix":10},"r":1,"bm":0,"g":{"p":3,"k":{"a":0,"k":[0,1,1,1,0.5,0.91,0.914,0.916,1,0.82,0.827,0.831],"ix":9}},"s":{"a":0,"k":[-27.5,4.5],"ix":5},"e":{"a":0,"k":[104,-3.5],"ix":6},"t":2,"h":{"a":0,"k":0,"ix":7},"a":{"a":0,"k":0,"ix":8},"nm":"Gradient Fill 1","mn":"ADBE Vector Graphic - G-Fill","hd":false},{"ty":"tr","p":{"a":0,"k":[812.763,425.602],"ix":2},"a":{"a":0,"k":[0,0],"ix":1},"s":{"a":0,"k":[100,100],"ix":3},"r":{"a":0,"k":0,"ix":6},"o":{"a":0,"k":100,"ix":7},"sk":{"a":0,"k":0,"ix":4},"sa":{"a":0,"k":0,"ix":5},"nm":"Transform"}],"nm":"Group 1","np":3,"cix":2,"bm":0,"ix":1,"mn":"ADBE Vector Group","hd":false}],"ip":0,"op":31.4285714285714,"st":0,"bm":0},{"ddd":0,"ind":5,"ty":4,"nm":"Bong Mat Phai","sr":1,"ks":{"o":{"a":0,"k":40,"ix":11},"r":{"a":0,"k":0,"ix":10},"p":{"a":1,"k":[{"i":{"x":0.667,"y":1},"o":{"x":0.333,"y":0.382},"t":0,"s":[860.004,410.908,0],"to":[-38.709,-5.791,0],"ti":[21.23,3.176,0]},{"i":{"x":0.667,"y":0.667},"o":{"x":0.333,"y":0.333},"t":4.667,"s":[725.6,390.8,0],"to":[0,0,0],"ti":[0,0,0]},{"i":{"x":0.667,"y":1},"o":{"x":0.333,"y":0},"t":8,"s":[725.6,390.8,0],"to":[-13.2,-7.6,0],"ti":[13.2,7.6,0]},{"i":{"x":0.667,"y":0.667},"o":{"x":0.333,"y":0.333},"t":13.333,"s":[646.4,345.2,0],"to":[0,0,0],"ti":[0,0,0]},{"i":{"x":0.667,"y":1},"o":{"x":0.333,"y":0},"t":16.667,"s":[646.4,345.2,0],"to":[15.2,-5.8,0],"ti":[-15.2,5.8,0]},{"i":{"x":0.667,"y":0.667},"o":{"x":0.333,"y":0.333},"t":22,"s":[737.6,310.4,0],"to":[0,0,0],"ti":[0,0,0]},{"i":{"x":0.667,"y":0.75},"o":{"x":0.333,"y":0},"t":24.667,"s":[737.6,310.4,0],"to":[17.197,12.641,0],"ti":[-29.562,-21.729,0]},{"t":28,"s":[867.604,405.959,0]}],"ix":2},"a":{"a":0,"k":[318,-67,0],"ix":1},"s":{"a":1,"k":[{"i":{"x":[0.667,0.667,0.667],"y":[1,1,1]},"o":{"x":[0.333,0.333,0.333],"y":[0.382,0.382,0]},"t":0,"s":[125.669,118.173,100]},{"i":{"x":[0.667,0.667,0.667],"y":[1,1,1]},"o":{"x":[0.333,0.333,0.333],"y":[0,0,0]},"t":4.667,"s":[175.122,151.343,100]},{"i":{"x":[0.667,0.667,0.667],"y":[1,1,1]},"o":{"x":[0.333,0.333,0.333],"y":[0,0,0]},"t":8,"s":[175.122,151.343,100]},{"i":{"x":[0.667,0.667,0.667],"y":[1,1,1]},"o":{"x":[0.333,0.333,0.333],"y":[0,0,0]},"t":13.333,"s":[163.907,144.384,100]},{"i":{"x":[0.667,0.667,0.667],"y":[1,1,1]},"o":{"x":[0.333,0.333,0.333],"y":[0,0,0]},"t":16.667,"s":[163.907,144.384,100]},{"i":{"x":[0.667,0.667,0.667],"y":[1,1,1]},"o":{"x":[0.333,0.333,0.333],"y":[0,0,0]},"t":22,"s":[149.328,140.474,100]},{"i":{"x":[0.667,0.667,0.667],"y":[0.75,0.75,1]},"o":{"x":[0.333,0.333,0.333],"y":[0,0,0]},"t":24.667,"s":[149.328,140.474,100]},{"t":28,"s":[121.29,115.711,100]}],"ix":6}},"ao":0,"ef":[{"ty":29,"nm":"Gaussian Blur","np":6,"mn":"ADBE Gaussian Blur 2","ix":1,"en":1,"ef":[{"ty":0,"nm":"Blurriness","mn":"ADBE Gaussian Blur 2-0001","ix":1,"v":{"a":0,"k":0,"ix":1}},{"ty":7,"nm":"Blur Dimensions","mn":"ADBE Gaussian Blur 2-0002","ix":2,"v":{"a":0,"k":1,"ix":2}},{"ty":7,"nm":"Repeat Edge Pixels","mn":"ADBE Gaussian Blur 2-0003","ix":3,"v":{"a":0,"k":0,"ix":3}},{"ty":7,"nm":"GPU Rendering","mn":"ADBE Force CPU GPU","ix":4,"v":{"a":0,"k":1,"ix":4}}]}],"shapes":[{"ty":"gr","it":[{"d":1,"ty":"el","s":{"a":0,"k":[233,265],"ix":2},"p":{"a":0,"k":[0,0],"ix":3},"nm":"Ellipse Path 1","mn":"ADBE Vector Shape - Ellipse","hd":false},{"ty":"fl","c":{"a":0,"k":[0.921568627451,0.592156862745,0.03137254902,1],"ix":4},"o":{"a":0,"k":100,"ix":5},"r":1,"bm":0,"nm":"Fill 1","mn":"ADBE Vector Graphic - Fill","hd":false},{"ty":"tr","p":{"a":0,"k":[308.5,-68.5],"ix":2},"a":{"a":0,"k":[0,0],"ix":1},"s":{"a":0,"k":[100,100],"ix":3},"r":{"a":0,"k":0,"ix":6},"o":{"a":0,"k":100,"ix":7},"sk":{"a":0,"k":0,"ix":4},"sa":{"a":0,"k":0,"ix":5},"nm":"Transform"}],"nm":"Ellipse 1","np":3,"cix":2,"bm":0,"ix":1,"mn":"ADBE Vector Group","hd":false}],"ip":0,"op":31.4285714285714,"st":0,"bm":0},{"ddd":0,"ind":6,"ty":4,"nm":"Nguoi Trang Trai","sr":1,"ks":{"o":{"a":0,"k":100,"ix":11},"r":{"a":0,"k":0,"ix":10},"p":{"a":1,"k":[{"i":{"x":0.667,"y":1},"o":{"x":0.333,"y":0.382},"t":0,"s":[487.141,497.06,0],"to":[-27.66,-6.324,0],"ti":[15.17,3.469,0]},{"i":{"x":0.667,"y":0.667},"o":{"x":0.333,"y":0.333},"t":4.667,"s":[391.1,475.1,0],"to":[0,0,0],"ti":[0,0,0]},{"i":{"x":0.667,"y":1},"o":{"x":0.333,"y":0},"t":8,"s":[391.1,475.1,0],"to":[-9.6,-12,0],"ti":[9.6,12,0]},{"i":{"x":0.667,"y":0.667},"o":{"x":0.333,"y":0.333},"t":13.333,"s":[333.5,403.1,0],"to":[0,0,0],"ti":[0,0,0]},{"i":{"x":0.667,"y":1},"o":{"x":0.333,"y":0},"t":16.667,"s":[333.5,403.1,0],"to":[16,-4,0],"ti":[-16,4,0]},{"i":{"x":0.667,"y":0.667},"o":{"x":0.333,"y":0.333},"t":22,"s":[429.5,379.1,0],"to":[0,0,0],"ti":[0,0,0]},{"i":{"x":0.667,"y":0.75},"o":{"x":0.333,"y":0},"t":24.667,"s":[429.5,379.1,0],"to":[8.636,14.809,0],"ti":[-14.844,-25.456,0]},{"t":28,"s":[494.78,491.048,0]}],"ix":2},"a":{"a":0,"k":[500,500,0],"ix":1},"s":{"a":1,"k":[{"i":{"x":[0.667,0.667,0.667],"y":[1,1,1]},"o":{"x":[0.333,0.333,0.333],"y":[0.382,0.382,0]},"t":0,"s":[121.835,121.835,100]},{"i":{"x":[0.667,0.667,0.667],"y":[1,1,1]},"o":{"x":[0.333,0.333,0.333],"y":[0,0,0]},"t":4.667,"s":[135.536,135.536,100]},{"i":{"x":[0.667,0.667,0.667],"y":[1,1,1]},"o":{"x":[0.333,0.333,0.333],"y":[0,0,0]},"t":8,"s":[135.536,135.536,100]},{"i":{"x":[0.667,0.667,0.667],"y":[1,1,1]},"o":{"x":[0.333,0.333,0.333],"y":[0,0,0]},"t":13.333,"s":[123.109,123.109,100]},{"i":{"x":[0.667,0.667,0.667],"y":[1,1,1]},"o":{"x":[0.333,0.333,0.333],"y":[0,0,0]},"t":16.667,"s":[123.109,123.109,100]},{"i":{"x":[0.667,0.667,0.667],"y":[1,1,1]},"o":{"x":[0.333,0.333,0.333],"y":[0,0,0]},"t":22,"s":[130.493,130.478,100]},{"i":{"x":[0.667,0.667,0.667],"y":[0.75,0.75,1]},"o":{"x":[0.333,0.333,0.333],"y":[0,0,0]},"t":24.667,"s":[130.493,130.478,100]},{"t":28,"s":[120.777,120.776,100]}],"ix":6}},"ao":0,"shapes":[{"ty":"gr","it":[{"ind":0,"ty":"sh","ix":1,"ks":{"a":0,"k":{"i":[[0,-11.788],[11.787,0],[0,11.788],[-11.787,0]],"o":[[0,11.788],[-11.787,0],[0,-11.788],[11.787,0]],"v":[[21.344,0],[0,21.344],[-21.344,0],[0,-21.344]],"c":true},"ix":2},"nm":"Path 1","mn":"ADBE Vector Shape - Group","hd":false},{"ty":"mm","mm":4,"nm":"Merge Paths 1","mn":"ADBE Vector Filter - Merge","hd":false},{"ty":"fl","c":{"a":0,"k":[1,1,1,1],"ix":4},"o":{"a":0,"k":100,"ix":5},"r":1,"bm":0,"nm":"Fill 1","mn":"ADBE Vector Graphic - Fill","hd":false},{"ty":"tr","p":{"a":0,"k":[490.795,418.142],"ix":2},"a":{"a":0,"k":[0,0],"ix":1},"s":{"a":0,"k":[100,100],"ix":3},"r":{"a":0,"k":0,"ix":6},"o":{"a":0,"k":100,"ix":7},"sk":{"a":0,"k":0,"ix":4},"sa":{"a":0,"k":0,"ix":5},"nm":"Transform"}],"nm":"Group 1","np":3,"cix":2,"bm":0,"ix":1,"mn":"ADBE Vector Group","hd":false}],"ip":0,"op":31.4285714285714,"st":0,"bm":0},{"ddd":0,"ind":7,"ty":4,"nm":"Trong Den Trai","sr":1,"ks":{"o":{"a":0,"k":100,"ix":11},"r":{"a":0,"k":0,"ix":10},"p":{"a":1,"k":[{"i":{"x":0.667,"y":1},"o":{"x":0.333,"y":0.382},"t":0,"s":[487.034,496.032,0],"to":[-27.889,-8.534,0],"ti":[15.296,4.681,0]},{"i":{"x":0.667,"y":0.667},"o":{"x":0.333,"y":0.333},"t":4.667,"s":[390.2,466.4,0],"to":[0,0,0],"ti":[0,0,0]},{"i":{"x":0.667,"y":1},"o":{"x":0.333,"y":0},"t":8,"s":[390.2,466.4,0],"to":[-9.6,-12,0],"ti":[9.6,12,0]},{"i":{"x":0.667,"y":0.667},"o":{"x":0.333,"y":0.333},"t":13.333,"s":[332.6,394.4,0],"to":[0,0,0],"ti":[0,0,0]},{"i":{"x":0.667,"y":1},"o":{"x":0.333,"y":0},"t":16.667,"s":[332.6,394.4,0],"to":[16,-4,0],"ti":[-16,4,0]},{"i":{"x":0.667,"y":0.667},"o":{"x":0.333,"y":0.333},"t":22,"s":[428.6,370.4,0],"to":[0,0,0],"ti":[0,0,0]},{"i":{"x":0.667,"y":0.75},"o":{"x":0.333,"y":0},"t":24.667,"s":[428.6,370.4,0],"to":[8.746,15.875,0],"ti":[-15.033,-27.288,0]},{"t":28,"s":[494.713,490.404,0]}],"ix":2},"a":{"a":0,"k":[500,500,0],"ix":1},"s":{"a":1,"k":[{"i":{"x":[0.667,0.667,0.667],"y":[1,1,1]},"o":{"x":[0.333,0.333,0.333],"y":[0.382,0.382,0]},"t":0,"s":[121.835,121.835,100]},{"i":{"x":[0.667,0.667,0.667],"y":[1,1,1]},"o":{"x":[0.333,0.333,0.333],"y":[0,0,0]},"t":4.667,"s":[135.536,135.536,100]},{"i":{"x":[0.667,0.667,0.667],"y":[1,1,1]},"o":{"x":[0.333,0.333,0.333],"y":[0,0,0]},"t":8,"s":[135.536,135.536,100]},{"i":{"x":[0.667,0.667,0.667],"y":[1,1,1]},"o":{"x":[0.333,0.333,0.333],"y":[0,0,0]},"t":13.333,"s":[123.109,123.109,100]},{"i":{"x":[0.667,0.667,0.667],"y":[1,1,1]},"o":{"x":[0.333,0.333,0.333],"y":[0,0,0]},"t":16.667,"s":[123.109,123.109,100]},{"i":{"x":[0.667,0.667,0.667],"y":[1,1,1]},"o":{"x":[0.333,0.333,0.333],"y":[0,0,0]},"t":22,"s":[130.493,130.478,100]},{"i":{"x":[0.667,0.667,0.667],"y":[0.75,0.75,1]},"o":{"x":[0.333,0.333,0.333],"y":[0,0,0]},"t":24.667,"s":[130.493,130.478,100]},{"t":28,"s":[120.777,120.776,100]}],"ix":6}},"ao":0,"shapes":[{"ty":"gr","it":[{"ind":0,"ty":"sh","ix":1,"ks":{"a":0,"k":{"i":[[0,-27.069],[25.689,0],[0,27.068],[-25.69,0]],"o":[[0,27.068],[-25.69,0],[0,-27.069],[25.689,0]],"v":[[46.515,0],[0,49.013],[-46.515,0],[0,-49.013]],"c":true},"ix":2},"nm":"Path 1","mn":"ADBE Vector Shape - Group","hd":false},{"ty":"mm","mm":4,"nm":"Merge Paths 1","mn":"ADBE Vector Filter - Merge","hd":false},{"ty":"fl","c":{"a":0,"k":[0.039000002543,0.090000002992,0.109999997008,1],"ix":4},"o":{"a":0,"k":100,"ix":5},"r":1,"bm":0,"nm":"Fill 1","mn":"ADBE Vector Graphic - Fill","hd":false},{"ty":"tr","p":{"a":0,"k":[461.308,436.663],"ix":2},"a":{"a":0,"k":[0,0],"ix":1},"s":{"a":0,"k":[100,100],"ix":3},"r":{"a":0,"k":0,"ix":6},"o":{"a":0,"k":100,"ix":7},"sk":{"a":0,"k":0,"ix":4},"sa":{"a":0,"k":0,"ix":5},"nm":"Transform"}],"nm":"Group 1","np":3,"cix":2,"bm":0,"ix":1,"mn":"ADBE Vector Group","hd":false}],"ip":0,"op":31.4285714285714,"st":0,"bm":0},{"ddd":0,"ind":8,"ty":4,"nm":"Trang Xanh Trai","sr":1,"ks":{"o":{"a":0,"k":100,"ix":11},"r":{"a":0,"k":0,"ix":10},"p":{"a":1,"k":[{"i":{"x":0.667,"y":1},"o":{"x":0.333,"y":0.382},"t":0,"s":[482.004,496.032,0],"to":[-38.709,-8.534,0],"ti":[21.23,4.681,0]},{"i":{"x":0.667,"y":0.667},"o":{"x":0.333,"y":0.333},"t":4.667,"s":[347.6,466.4,0],"to":[0,0,0],"ti":[0,0,0]},{"i":{"x":0.667,"y":1},"o":{"x":0.333,"y":0},"t":8,"s":[347.6,466.4,0],"to":[-9.6,-12,0],"ti":[9.6,12,0]},{"i":{"x":0.667,"y":0.667},"o":{"x":0.333,"y":0.333},"t":13.333,"s":[290,394.4,0],"to":[0,0,0],"ti":[0,0,0]},{"i":{"x":0.667,"y":1},"o":{"x":0.333,"y":0},"t":16.667,"s":[290,394.4,0],"to":[16,-4,0],"ti":[-16,4,0]},{"i":{"x":0.667,"y":0.667},"o":{"x":0.333,"y":0.333},"t":22,"s":[386,370.4,0],"to":[0,0,0],"ti":[0,0,0]},{"i":{"x":0.667,"y":0.75},"o":{"x":0.333,"y":0},"t":24.667,"s":[386,370.4,0],"to":[13.964,15.875,0],"ti":[-24.003,-27.288,0]},{"t":28,"s":[491.559,490.404,0]}],"ix":2},"a":{"a":0,"k":[500,500,0],"ix":1},"s":{"a":1,"k":[{"i":{"x":[0.667,0.667,0.667],"y":[1,1,1]},"o":{"x":[0.333,0.333,0.333],"y":[0.382,0.382,0]},"t":0,"s":[121.835,121.835,100]},{"i":{"x":[0.667,0.667,0.667],"y":[1,1,1]},"o":{"x":[0.333,0.333,0.333],"y":[0,0,0]},"t":4.667,"s":[135.536,135.536,100]},{"i":{"x":[0.667,0.667,0.667],"y":[1,1,1]},"o":{"x":[0.333,0.333,0.333],"y":[0,0,0]},"t":8,"s":[135.536,135.536,100]},{"i":{"x":[0.667,0.667,0.667],"y":[1,1,1]},"o":{"x":[0.333,0.333,0.333],"y":[0,0,0]},"t":13.333,"s":[123.109,123.109,100]},{"i":{"x":[0.667,0.667,0.667],"y":[1,1,1]},"o":{"x":[0.333,0.333,0.333],"y":[0,0,0]},"t":16.667,"s":[123.109,123.109,100]},{"i":{"x":[0.667,0.667,0.667],"y":[1,1,1]},"o":{"x":[0.333,0.333,0.333],"y":[0,0,0]},"t":22,"s":[130.493,130.478,100]},{"i":{"x":[0.667,0.667,0.667],"y":[0.75,0.75,1]},"o":{"x":[0.333,0.333,0.333],"y":[0,0,0]},"t":24.667,"s":[130.493,130.478,100]},{"t":28,"s":[120.777,120.776,100]}],"ix":6}},"ao":0,"shapes":[{"ty":"gr","it":[{"ty":"gr","it":[{"ind":0,"ty":"sh","ix":1,"ks":{"a":0,"k":{"i":[[0,-46.07],[-43.723,0],[0,46.07],[43.723,0]],"o":[[0,46.07],[43.723,0],[0,-46.07],[-43.723,0]],"v":[[-79.167,0.001],[0,83.418],[79.167,0.001],[0,-83.418]],"c":true},"ix":2},"nm":"Path 2","mn":"ADBE Vector Shape - Group","hd":false},{"ty":"tr","p":{"a":0,"k":[0,0],"ix":2},"a":{"a":0,"k":[0,0],"ix":1},"s":{"a":0,"k":[100,100],"ix":3},"r":{"a":0,"k":0,"ix":6},"o":{"a":0,"k":100,"ix":7},"sk":{"a":0,"k":0,"ix":4},"sa":{"a":0,"k":0,"ix":5},"nm":"Transform"}],"nm":"Group 1","np":1,"cix":2,"bm":0,"ix":1,"mn":"ADBE Vector Group","hd":false},{"ty":"mm","mm":4,"nm":"Merge Paths 1","mn":"ADBE Vector Filter - Merge","hd":false},{"ty":"gf","o":{"a":0,"k":100,"ix":10},"r":1,"bm":0,"g":{"p":3,"k":{"a":0,"k":[0,0.184,0.655,0.749,0.5,0.165,0.612,0.784,1,0.145,0.569,0.82],"ix":9}},"s":{"a":0,"k":[-28,0],"ix":5},"e":{"a":0,"k":[100,0],"ix":6},"t":1,"nm":"Gradient Fill 1","mn":"ADBE Vector Graphic - G-Fill","hd":false},{"ty":"tr","p":{"a":0,"k":[476.666,436.663],"ix":2},"a":{"a":0,"k":[0,0],"ix":1},"s":{"a":0,"k":[100,100],"ix":3},"r":{"a":0,"k":0,"ix":6},"o":{"a":0,"k":100,"ix":7},"sk":{"a":0,"k":0,"ix":4},"sa":{"a":0,"k":0,"ix":5},"nm":"Transform"}],"nm":"Group 1","np":3,"cix":2,"bm":0,"ix":1,"mn":"ADBE Vector Group","hd":false}],"ip":0,"op":31.4285714285714,"st":0,"bm":0},{"ddd":0,"ind":9,"ty":4,"nm":"Trong Trang Trai","sr":1,"ks":{"o":{"a":0,"k":100,"ix":11},"r":{"a":0,"k":0,"ix":10},"p":{"a":1,"k":[{"i":{"x":0.667,"y":1},"o":{"x":0.333,"y":0.382},"t":0,"s":[473.785,496.032,0],"to":[-56.387,-8.534,0],"ti":[30.926,4.681,0]},{"i":{"x":0.667,"y":0.667},"o":{"x":0.333,"y":0.333},"t":4.667,"s":[278,466.4,0],"to":[0,0,0],"ti":[0,0,0]},{"i":{"x":0.667,"y":1},"o":{"x":0.333,"y":0},"t":8,"s":[278,466.4,0],"to":[-4.8,-8.8,0],"ti":[4.8,8.8,0]},{"i":{"x":0.667,"y":0.667},"o":{"x":0.333,"y":0.333},"t":13.333,"s":[249.2,413.6,0],"to":[0,0,0],"ti":[0,0,0]},{"i":{"x":0.667,"y":1},"o":{"x":0.333,"y":0},"t":16.667,"s":[249.2,413.6,0],"to":[13.4,-3.4,0],"ti":[-13.4,3.4,0]},{"i":{"x":0.667,"y":0.667},"o":{"x":0.333,"y":0.333},"t":22,"s":[329.6,393.2,0],"to":[0,0,0],"ti":[0,0,0]},{"i":{"x":0.667,"y":0.75},"o":{"x":0.333,"y":0},"t":24.667,"s":[329.6,393.2,0],"to":[20.872,13.082,0],"ti":[-35.878,-22.487,0]},{"t":28,"s":[487.383,492.092,0]}],"ix":2},"a":{"a":0,"k":[500,500,0],"ix":1},"s":{"a":1,"k":[{"i":{"x":[0.667,0.667,0.667],"y":[1,1,1]},"o":{"x":[0.333,0.333,0.333],"y":[0.382,0.382,0]},"t":0,"s":[120.458,120.458,100]},{"i":{"x":[0.667,0.667,0.667],"y":[1,1,1]},"o":{"x":[0.333,0.333,0.333],"y":[0,0,0]},"t":4.667,"s":[123.878,123.878,100]},{"i":{"x":[0.667,0.667,0.667],"y":[1,1,1]},"o":{"x":[0.333,0.333,0.333],"y":[0,0,0]},"t":8,"s":[123.878,123.878,100]},{"i":{"x":[0.667,0.667,0.667],"y":[1,1,1]},"o":{"x":[0.333,0.333,0.333],"y":[0,0,0]},"t":13.333,"s":[111.452,111.452,100]},{"i":{"x":[0.667,0.667,0.667],"y":[1,1,1]},"o":{"x":[0.333,0.333,0.333],"y":[0,0,0]},"t":16.667,"s":[111.452,111.452,100]},{"i":{"x":[0.667,0.667,0.667],"y":[1,1,1]},"o":{"x":[0.333,0.333,0.333],"y":[0,0,0]},"t":22,"s":[118.835,118.82,100]},{"i":{"x":[0.667,0.667,0.667],"y":[0.75,0.75,1]},"o":{"x":[0.333,0.333,0.333],"y":[0,0,0]},"t":24.667,"s":[118.835,118.82,100]},{"t":28,"s":[119.914,119.913,100]}],"ix":6}},"ao":0,"shapes":[{"ty":"gr","it":[{"ty":"gr","it":[{"ind":0,"ty":"sh","ix":1,"ks":{"a":0,"k":{"i":[[0,-86.671],[-82.256,0],[0,86.67],[82.254,0]],"o":[[0,86.67],[82.254,0],[0,-86.671],[-82.256,0]],"v":[[-148.935,0.001],[0,156.931],[148.936,0.001],[0,-156.931]],"c":true},"ix":2},"nm":"Path 2","mn":"ADBE Vector Shape - Group","hd":false},{"ty":"tr","p":{"a":0,"k":[0,0],"ix":2},"a":{"a":0,"k":[0,0],"ix":1},"s":{"a":0,"k":[100,100],"ix":3},"r":{"a":0,"k":0,"ix":6},"o":{"a":0,"k":100,"ix":7},"sk":{"a":0,"k":0,"ix":4},"sa":{"a":0,"k":0,"ix":5},"nm":"Transform"}],"nm":"Group 1","np":1,"cix":2,"bm":0,"ix":1,"mn":"ADBE Vector Group","hd":false},{"ty":"mm","mm":4,"nm":"Merge Paths 1","mn":"ADBE Vector Filter - Merge","hd":false},{"ty":"gf","o":{"a":0,"k":100,"ix":10},"r":1,"bm":0,"g":{"p":3,"k":{"a":0,"k":[0,1,1,1,0.5,0.91,0.914,0.916,1,0.82,0.827,0.831],"ix":9}},"s":{"a":0,"k":[-7,-4],"ix":5},"e":{"a":0,"k":[211,-52],"ix":6},"t":2,"h":{"a":0,"k":0,"ix":7},"a":{"a":0,"k":0,"ix":8},"nm":"Gradient Fill 1","mn":"ADBE Vector Graphic - G-Fill","hd":false},{"ty":"tr","p":{"a":0,"k":[513.594,428.928],"ix":2},"a":{"a":0,"k":[0,0],"ix":1},"s":{"a":0,"k":[100,100],"ix":3},"r":{"a":0,"k":0,"ix":6},"o":{"a":0,"k":100,"ix":7},"sk":{"a":0,"k":0,"ix":4},"sa":{"a":0,"k":0,"ix":5},"nm":"Transform"}],"nm":"Group 1","np":3,"cix":2,"bm":0,"ix":1,"mn":"ADBE Vector Group","hd":false}],"ip":0,"op":31.4285714285714,"st":0,"bm":0},{"ddd":0,"ind":10,"ty":4,"nm":"Bong Mat Trai","sr":1,"ks":{"o":{"a":0,"k":40,"ix":11},"r":{"a":0,"k":0,"ix":10},"p":{"a":1,"k":[{"i":{"x":0.667,"y":1},"o":{"x":0.333,"y":0.382},"t":0,"s":[468.919,426.499,0],"to":[-53.949,-10.973,0],"ti":[29.588,6.018,0]},{"i":{"x":0.667,"y":0.667},"o":{"x":0.333,"y":0.333},"t":4.667,"s":[281.6,388.4,0],"to":[0,0,0],"ti":[0,0,0]},{"i":{"x":0.667,"y":1},"o":{"x":0.333,"y":0},"t":8,"s":[281.6,388.4,0],"to":[-3,-6.8,0],"ti":[3,6.8,0]},{"i":{"x":0.667,"y":0.667},"o":{"x":0.333,"y":0.333},"t":13.333,"s":[263.6,347.6,0],"to":[0,0,0],"ti":[0,0,0]},{"i":{"x":0.667,"y":1},"o":{"x":0.333,"y":0},"t":16.667,"s":[263.6,347.6,0],"to":[12.2,-3.6,0],"ti":[-12.2,3.6,0]},{"i":{"x":0.667,"y":0.667},"o":{"x":0.333,"y":0.333},"t":22,"s":[336.8,326,0],"to":[0,0,0],"ti":[0,0,0]},{"i":{"x":0.667,"y":0.75},"o":{"x":0.333,"y":0},"t":24.667,"s":[336.8,326,0],"to":[19.255,12.935,0],"ti":[-33.099,-22.234,0]},{"t":28,"s":[482.36,423.781,0]}],"ix":2},"a":{"a":0,"k":[306,-62,0],"ix":1},"s":{"a":1,"k":[{"i":{"x":[0.667,0.667,0.667],"y":[1,1,1]},"o":{"x":[0.333,0.333,0.333],"y":[0.382,0.382,0]},"t":0,"s":[176.495,153.298,100]},{"i":{"x":[0.667,0.667,0.667],"y":[1,1,1]},"o":{"x":[0.333,0.333,0.333],"y":[0,0,0]},"t":4.667,"s":[175.029,159.938,100]},{"i":{"x":[0.667,0.667,0.667],"y":[1,1,1]},"o":{"x":[0.333,0.333,0.333],"y":[0,0,0]},"t":8,"s":[175.029,159.938,100]},{"i":{"x":[0.667,0.667,0.667],"y":[1,1,1]},"o":{"x":[0.333,0.333,0.333],"y":[0,0,0]},"t":13.333,"s":[156.877,138.356,100]},{"i":{"x":[0.667,0.667,0.667],"y":[1,1,1]},"o":{"x":[0.333,0.333,0.333],"y":[0,0,0]},"t":16.667,"s":[156.877,138.356,100]},{"i":{"x":[0.667,0.667,0.667],"y":[1,1,1]},"o":{"x":[0.333,0.333,0.333],"y":[0,0,0]},"t":22,"s":[166.917,159.582,100]},{"i":{"x":[0.667,0.667,0.667],"y":[0.75,0.75,1]},"o":{"x":[0.333,0.333,0.333],"y":[0,0,0]},"t":24.667,"s":[166.917,159.582,100]},{"t":28,"s":[175.968,152.94,100]}],"ix":6}},"ao":0,"ef":[{"ty":29,"nm":"Gaussian Blur","np":6,"mn":"ADBE Gaussian Blur 2","ix":1,"en":1,"ef":[{"ty":0,"nm":"Blurriness","mn":"ADBE Gaussian Blur 2-0001","ix":1,"v":{"a":0,"k":0,"ix":1}},{"ty":7,"nm":"Blur Dimensions","mn":"ADBE Gaussian Blur 2-0002","ix":2,"v":{"a":0,"k":1,"ix":2}},{"ty":7,"nm":"Repeat Edge Pixels","mn":"ADBE Gaussian Blur 2-0003","ix":3,"v":{"a":0,"k":0,"ix":3}},{"ty":7,"nm":"GPU Rendering","mn":"ADBE Force CPU GPU","ix":4,"v":{"a":0,"k":1,"ix":4}}]}],"shapes":[{"ty":"gr","it":[{"d":1,"ty":"el","s":{"a":0,"k":[233,265],"ix":2},"p":{"a":0,"k":[0,0],"ix":3},"nm":"Ellipse Path 1","mn":"ADBE Vector Shape - Ellipse","hd":false},{"ty":"fl","c":{"a":0,"k":[0.921568627451,0.592156862745,0.03137254902,1],"ix":4},"o":{"a":0,"k":100,"ix":5},"r":1,"bm":0,"nm":"Fill 1","mn":"ADBE Vector Graphic - Fill","hd":false},{"ty":"tr","p":{"a":0,"k":[308.5,-68.5],"ix":2},"a":{"a":0,"k":[0,0],"ix":1},"s":{"a":0,"k":[100,100],"ix":3},"r":{"a":0,"k":0,"ix":6},"o":{"a":0,"k":100,"ix":7},"sk":{"a":0,"k":0,"ix":4},"sa":{"a":0,"k":0,"ix":5},"nm":"Transform"}],"nm":"Ellipse 1","np":3,"cix":2,"bm":0,"ix":1,"mn":"ADBE Vector Group","hd":false}],"ip":0,"op":31.4285714285714,"st":0,"bm":0},{"ddd":0,"ind":11,"ty":4,"nm":"Chan May Trai","sr":1,"ks":{"o":{"a":0,"k":100,"ix":11},"r":{"a":1,"k":[{"i":{"x":[0.667],"y":[1]},"o":{"x":[0.333],"y":[0]},"t":8,"s":[0]},{"i":{"x":[0.667],"y":[1]},"o":{"x":[0.333],"y":[0]},"t":13.333,"s":[-8]},{"i":{"x":[0.667],"y":[1]},"o":{"x":[0.333],"y":[0]},"t":16.667,"s":[-8]},{"i":{"x":[0.667],"y":[1]},"o":{"x":[0.333],"y":[0]},"t":22,"s":[5]},{"t":24.66650390625,"s":[5]}],"ix":10},"p":{"a":1,"k":[{"i":{"x":0.667,"y":1},"o":{"x":0.333,"y":0.382},"t":0,"s":[508.65,161.885,0],"to":[-66.223,-1.078,0],"ti":[42.056,-9.875,0]},{"i":{"x":0.667,"y":1},"o":{"x":0.333,"y":0},"t":4.667,"s":[287,173.6,0],"to":[-0.315,0.074,0],"ti":[0.353,-0.083,0]},{"i":{"x":0.667,"y":1},"o":{"x":0.333,"y":0},"t":8,"s":[287,173.6,0],"to":[-42.467,9.972,0],"ti":[0.8,0,0]},{"i":{"x":0.667,"y":1},"o":{"x":0.333,"y":0},"t":13.333,"s":[234.2,156.8,0],"to":[-0.8,0,0],"ti":[0.8,0,0]},{"i":{"x":0.667,"y":1},"o":{"x":0.333,"y":0},"t":16.667,"s":[234.2,156.8,0],"to":[-0.8,0,0],"ti":[-1,0.2,0]},{"i":{"x":0.667,"y":1},"o":{"x":0.333,"y":0},"t":22,"s":[371,128,0],"to":[1,-0.2,0],"ti":[-1,0.2,0]},{"i":{"x":0.667,"y":0.75},"o":{"x":0.333,"y":0},"t":24.667,"s":[371,128,0],"to":[0.649,-0.13,0],"ti":[-38.295,-8.442,0]},{"t":28,"s":[526.717,159.834,0]}],"ix":2},"a":{"a":0,"k":[550.875,215.625,0],"ix":1},"s":{"a":1,"k":[{"i":{"x":[0.667,0.667,0.667],"y":[1,1,1]},"o":{"x":[0.333,0.333,0.333],"y":[0,0,0]},"t":8,"s":[120,120,100]},{"i":{"x":[0.667,0.667,0.667],"y":[1,1,1]},"o":{"x":[0.333,0.333,0.333],"y":[0,0,0]},"t":13.333,"s":[93.243,118.195,100]},{"i":{"x":[0.667,0.667,0.667],"y":[1,1,1]},"o":{"x":[0.333,0.333,0.333],"y":[0,0,0]},"t":16.667,"s":[93.243,118.195,100]},{"i":{"x":[0.667,0.667,0.667],"y":[1,1,1]},"o":{"x":[0.333,0.333,0.333],"y":[0,0,0]},"t":22,"s":[120.402,144.943,100]},{"t":24.66650390625,"s":[120.402,144.943,100]}],"ix":6}},"ao":0,"shapes":[{"ty":"gr","it":[{"ind":0,"ty":"sh","ix":1,"ks":{"a":1,"k":[{"i":{"x":0.667,"y":1},"o":{"x":0.167,"y":0.167},"t":0,"s":[{"i":[[13.357,-6.081],[-38.037,3.302],[-13.056,-28.876],[18.343,-1.929]],"o":[[8.701,-11.942],[29.41,-0.422],[-18.969,-16.889],[-18.11,1.936]],"v":[[-77.567,26.575],[0.852,-22.293],[79.087,26.043],[2.901,-4.909]],"c":true}]},{"i":{"x":0.667,"y":1},"o":{"x":0.333,"y":0},"t":4.667,"s":[{"i":[[13.357,-6.081],[-70.888,5.948],[-3.393,-14.958],[59.783,-2.861]],"o":[[8.701,-11.942],[67.112,-5.052],[-12.388,-8.674],[-60.717,4.889]],"v":[[-111.961,35.835],[-0.25,-21.852],[124.836,31.335],[1.578,-2.043]],"c":true}]},{"i":{"x":0.667,"y":1},"o":{"x":0.333,"y":0},"t":8,"s":[{"i":[[13.357,-6.081],[-70.888,5.948],[-3.393,-14.958],[59.783,-2.861]],"o":[[8.701,-11.942],[67.112,-5.052],[-12.388,-8.674],[-60.717,4.889]],"v":[[-111.961,35.835],[-0.25,-21.852],[124.836,31.335],[1.578,-2.043]],"c":true}]},{"i":{"x":0.833,"y":0.833},"o":{"x":0.333,"y":0},"t":24.667,"s":[{"i":[[13.357,-6.081],[-70.888,5.948],[-3.393,-14.958],[59.783,-2.861]],"o":[[8.701,-11.942],[67.112,-5.052],[-12.388,-8.674],[-60.717,4.889]],"v":[[-111.961,35.835],[-0.25,-21.852],[124.836,31.335],[1.578,-2.043]],"c":true}]},{"t":28,"s":[{"i":[[13.357,-6.081],[-36.396,3.17],[-13.539,-29.571],[16.273,-1.882]],"o":[[8.701,-11.942],[27.527,-0.191],[-19.298,-17.3],[-15.982,1.789]],"v":[[-75.849,26.112],[0.907,-22.315],[76.802,25.779],[2.967,-5.052]],"c":true}]}],"ix":2},"nm":"Path 1","mn":"ADBE Vector Shape - Group","hd":false},{"ty":"mm","mm":4,"nm":"Merge Paths 1","mn":"ADBE Vector Filter - Merge","hd":false},{"ty":"fl","c":{"a":0,"k":[0.368999974868,0.128999986836,0.063000002094,1],"ix":4},"o":{"a":0,"k":100,"ix":5},"r":1,"bm":0,"nm":"Fill 1","mn":"ADBE Vector Graphic - Fill","hd":false},{"ty":"tr","p":{"a":0,"k":[530.139,171.404],"ix":2},"a":{"a":0,"k":[0,0],"ix":1},"s":{"a":0,"k":[100,100],"ix":3},"r":{"a":0,"k":0,"ix":6},"o":{"a":0,"k":100,"ix":7},"sk":{"a":0,"k":0,"ix":4},"sa":{"a":0,"k":0,"ix":5},"nm":"Transform"}],"nm":"Group 1","np":3,"cix":2,"bm":0,"ix":1,"mn":"ADBE Vector Group","hd":false}],"ip":0,"op":31.4285714285714,"st":0,"bm":0},{"ddd":0,"ind":12,"ty":4,"nm":"Chan May Phai","sr":1,"ks":{"o":{"a":0,"k":100,"ix":11},"r":{"a":1,"k":[{"i":{"x":[0.667],"y":[1]},"o":{"x":[0.333],"y":[0]},"t":8,"s":[0]},{"i":{"x":[0.667],"y":[1]},"o":{"x":[0.333],"y":[0]},"t":13.333,"s":[-6]},{"i":{"x":[0.667],"y":[1]},"o":{"x":[0.333],"y":[0]},"t":16.667,"s":[-6]},{"i":{"x":[0.667],"y":[1]},"o":{"x":[0.333],"y":[0]},"t":22,"s":[5]},{"t":24.66650390625,"s":[5]}],"ix":10},"p":{"a":1,"k":[{"i":{"x":0.667,"y":1},"o":{"x":0.333,"y":0.382},"t":0,"s":[989.15,118.533,0],"to":[-35.813,-4.877,0],"ti":[19.642,2.675,0]},{"i":{"x":0.667,"y":0.667},"o":{"x":0.333,"y":0.333},"t":4.667,"s":[864.8,101.6,0],"to":[0,0,0],"ti":[0,0,0]},{"i":{"x":0.667,"y":1},"o":{"x":0.333,"y":0},"t":8,"s":[864.8,101.6,0],"to":[-20,-12.2,0],"ti":[20,12.2,0]},{"i":{"x":0.667,"y":0.667},"o":{"x":0.333,"y":0.333},"t":13.333,"s":[744.8,28.4,0],"to":[0,0,0],"ti":[0,0,0]},{"i":{"x":0.667,"y":1},"o":{"x":0.333,"y":0},"t":16.667,"s":[744.8,28.4,0],"to":[17.8,6.4,0],"ti":[-17.8,-6.4,0]},{"i":{"x":0.667,"y":0.667},"o":{"x":0.333,"y":0.333},"t":22,"s":[851.6,66.8,0],"to":[0,0,0],"ti":[0,0,0]},{"i":{"x":0.667,"y":0.75},"o":{"x":0.333,"y":0},"t":24.667,"s":[851.6,66.8,0],"to":[18.888,6.614,0],"ti":[-32.467,-11.37,0]},{"t":28,"s":[994.383,116.802,0]}],"ix":2},"a":{"a":0,"k":[790,172,0],"ix":1},"s":{"a":1,"k":[{"i":{"x":[0.667,0.667,0.667],"y":[1,1,1]},"o":{"x":[0.333,0.333,0.333],"y":[0,0,0]},"t":8,"s":[120,120,100]},{"i":{"x":[0.667,0.667,0.667],"y":[1,1,1]},"o":{"x":[0.333,0.333,0.333],"y":[0,0,0]},"t":13.333,"s":[127.8,130.8,100]},{"i":{"x":[0.667,0.667,0.667],"y":[1,1,1]},"o":{"x":[0.333,0.333,0.333],"y":[0,0,0]},"t":16.667,"s":[127.8,130.8,100]},{"i":{"x":[0.667,0.667,0.667],"y":[1,1,1]},"o":{"x":[0.333,0.333,0.333],"y":[0,0,0]},"t":22,"s":[99.412,132.894,100]},{"t":24.66650390625,"s":[99.412,132.894,100]}],"ix":6}},"ao":0,"shapes":[{"ty":"gr","it":[{"ind":0,"ty":"sh","ix":1,"ks":{"a":1,"k":[{"i":{"x":0.667,"y":1},"o":{"x":0.167,"y":0.167},"t":0,"s":[{"i":[[-3.035,-12.824],[29.889,0.14],[10.837,-7.595],[-34.207,1.949]],"o":[[-19.624,-16.609],[-26.728,0.609],[10.845,-17.639],[30.697,-0.342]],"v":[[64.55,25.64],[-1.599,-5.887],[-66.498,25.168],[-0.01,-20.952]],"c":true}]},{"i":{"x":0.667,"y":1},"o":{"x":0.333,"y":0},"t":4.667,"s":[{"i":[[-3.035,-12.824],[47.087,2.786],[10.837,-7.595],[-60.223,-2.019]],"o":[[-19.624,-16.609],[-38.413,-0.714],[16.137,-22.489],[48.777,0.981]],"v":[[100.708,29.608],[-1.158,-5.666],[-117.209,25.608],[0.652,-25.361]],"c":true}]},{"i":{"x":0.667,"y":1},"o":{"x":0.333,"y":0},"t":8,"s":[{"i":[[-3.035,-12.824],[47.087,2.786],[10.837,-7.595],[-60.223,-2.019]],"o":[[-19.624,-16.609],[-38.413,-0.714],[16.137,-22.489],[48.777,0.981]],"v":[[100.708,29.608],[-1.158,-5.666],[-117.209,25.608],[0.652,-25.361]],"c":true}]},{"i":{"x":0.833,"y":0.833},"o":{"x":0.333,"y":0},"t":24.667,"s":[{"i":[[-3.035,-12.824],[47.087,2.786],[10.837,-7.595],[-60.223,-2.019]],"o":[[-19.624,-16.609],[-38.413,-0.714],[16.137,-22.489],[48.777,0.981]],"v":[[100.708,29.608],[-1.158,-5.666],[-117.209,25.608],[0.652,-25.361]],"c":true}]},{"t":28,"s":[{"i":[[-3.035,-12.824],[29.031,0.008],[10.837,-7.595],[-32.907,2.147]],"o":[[-19.624,-16.609],[-26.144,0.675],[10.581,-17.397],[29.795,-0.408]],"v":[[62.744,25.442],[-1.621,-5.898],[-63.966,25.146],[-0.043,-20.732]],"c":true}]}],"ix":2},"nm":"Path 1","mn":"ADBE Vector Shape - Group","hd":false},{"ty":"mm","mm":4,"nm":"Merge Paths 1","mn":"ADBE Vector Filter - Merge","hd":false},{"ty":"fl","c":{"a":0,"k":[0.368999974868,0.128999986836,0.063000002094,1],"ix":4},"o":{"a":0,"k":100,"ix":5},"r":1,"bm":0,"nm":"Fill 1","mn":"ADBE Vector Graphic - Fill","hd":false},{"ty":"tr","p":{"a":0,"k":[669.572,192.881],"ix":2},"a":{"a":0,"k":[0,0],"ix":1},"s":{"a":0,"k":[100,100],"ix":3},"r":{"a":0,"k":0,"ix":6},"o":{"a":0,"k":100,"ix":7},"sk":{"a":0,"k":0,"ix":4},"sa":{"a":0,"k":0,"ix":5},"nm":"Transform"}],"nm":"Group 1","np":3,"cix":2,"bm":0,"ix":1,"mn":"ADBE Vector Group","hd":false}],"ip":0,"op":31.4285714285714,"st":0,"bm":0},{"ddd":0,"ind":13,"ty":4,"nm":"Mieng","sr":1,"ks":{"o":{"a":0,"k":100,"ix":11},"r":{"a":0,"k":0,"ix":10},"p":{"a":1,"k":[{"i":{"x":0.667,"y":1},"o":{"x":0.333,"y":0.382},"t":0,"s":[699.451,748.754,0],"to":[-58.825,0.762,0],"ti":[32.263,-0.418,0]},{"i":{"x":0.667,"y":0.667},"o":{"x":0.333,"y":0.333},"t":4.667,"s":[495.2,751.4,0],"to":[0,0,0],"ti":[0,0,0]},{"i":{"x":0.667,"y":1},"o":{"x":0.333,"y":0},"t":8,"s":[495.2,751.4,0],"to":[-15.2,-25.4,0],"ti":[15.2,25.4,0]},{"i":{"x":0.667,"y":0.667},"o":{"x":0.333,"y":0.333},"t":13.333,"s":[404,599,0],"to":[0,0,0],"ti":[0,0,0]},{"i":{"x":0.667,"y":1},"o":{"x":0.333,"y":0},"t":16.667,"s":[404,599,0],"to":[23.8,-16,0],"ti":[-23.8,16,0]},{"i":{"x":0.667,"y":0.667},"o":{"x":0.333,"y":0.333},"t":22,"s":[546.8,503,0],"to":[0,0,0],"ti":[0,0,0]},{"i":{"x":0.667,"y":0.75},"o":{"x":0.333,"y":0},"t":24.667,"s":[546.8,503,0],"to":[22.049,30.061,0],"ti":[-37.899,-51.669,0]},{"t":28,"s":[713.472,730.23,0]}],"ix":2},"a":{"a":0,"k":[689,707,0],"ix":1},"s":{"a":1,"k":[{"i":{"x":[0.667,0.667,0.667],"y":[1,1,1]},"o":{"x":[0.333,0.333,0.333],"y":[0,0,0]},"t":0,"s":[120,120,100]},{"i":{"x":[0.667,0.667,0.667],"y":[1,1,1]},"o":{"x":[0.333,0.333,0.333],"y":[0,0,0]},"t":4.667,"s":[120,120,100]},{"i":{"x":[0.667,0.667,0.667],"y":[1,1,1]},"o":{"x":[0.333,0.333,0.333],"y":[0,0,0]},"t":8,"s":[120,120,100]},{"i":{"x":[0.667,0.667,0.667],"y":[1,1,1]},"o":{"x":[0.333,0.333,0.333],"y":[0,0,0]},"t":13.333,"s":[85.028,71.674,100]},{"i":{"x":[0.667,0.667,0.667],"y":[1,1,1]},"o":{"x":[0.333,0.333,0.333],"y":[0,0,0]},"t":16.667,"s":[85.028,71.674,100]},{"i":{"x":[0.667,0.667,0.667],"y":[1,1,1]},"o":{"x":[0.333,0.333,0.333],"y":[0,0,0]},"t":22,"s":[54.526,54.526,100]},{"i":{"x":[0.667,0.667,0.667],"y":[0.75,0.75,1]},"o":{"x":[0.333,0.333,0.333],"y":[0,0,0]},"t":24.667,"s":[54.526,54.526,100]},{"t":28,"s":[115.152,115.152,100]}],"ix":6}},"ao":0,"shapes":[{"ty":"gr","it":[{"ind":0,"ty":"sh","ix":1,"ks":{"a":1,"k":[{"i":{"x":0.667,"y":1},"o":{"x":0.167,"y":0.167},"t":0,"s":[{"i":[[1.586,-0.475],[0.651,-0.801],[0.4,-0.721],[0.256,-8.907],[-1.521,-2.662],[-18.666,-0.586],[-2.113,20.053],[-0.15,2.081],[-7.672,19.63],[21.706,0.876],[1.618,-0.086]],"o":[[-25.625,4.452],[-0.273,0.336],[-3.853,5.496],[-0.546,5.115],[1.526,19.203],[18.856,0.632],[2.113,-3.521],[0.15,-21.215],[7.143,-18.092],[-1.318,-0.314],[-1.733,0.089]],"v":[[214.794,115.967],[158.005,161.204],[156.146,163.732],[148.722,186.683],[150.257,294.772],[185.765,329.702],[224.064,296.366],[226.853,202.487],[250.539,156.565],[226.017,115.694],[220.383,114.931]],"c":true}]},{"i":{"x":0.667,"y":1},"o":{"x":0.333,"y":0},"t":4.667,"s":[{"i":[[5.732,-2.822],[5.509,-6.781],[3.384,-6.104],[2.171,-20.33],[-12.877,-22.544],[-18.075,-4.966],[-17.894,29.817],[-1.269,17.624],[9.883,29.155],[12.184,7.417],[6.499,-0.164]],"o":[[-13.106,6.452],[-2.312,2.846],[-2.747,4.955],[-4.626,43.315],[12.921,22.62],[19.478,5.352],[17.894,-29.817],[1.269,-17.624],[-8.874,-26.178],[-4.363,-2.656],[-7.341,0.186]],"v":[[178.856,116.298],[157.179,133.093],[141.429,154.417],[126.454,201.455],[139.454,292.567],[186.647,334.773],[257.356,306.067],[280.981,237.874],[271.374,166.928],[230.316,117.458],[203.626,110.164]],"c":true}]},{"i":{"x":0.667,"y":1},"o":{"x":0.333,"y":0},"t":8,"s":[{"i":[[5.732,-2.822],[5.509,-6.781],[3.384,-6.104],[2.171,-20.33],[-12.877,-22.544],[-18.075,-4.966],[-17.894,29.817],[-1.269,17.624],[9.883,29.155],[12.184,7.417],[6.499,-0.164]],"o":[[-13.106,6.452],[-2.312,2.846],[-2.747,4.955],[-4.626,43.315],[12.921,22.62],[19.478,5.352],[17.894,-29.817],[1.269,-17.624],[-8.874,-26.178],[-4.363,-2.656],[-7.341,0.186]],"v":[[178.856,116.298],[157.179,133.093],[141.429,154.417],[126.454,201.455],[139.454,292.567],[186.647,334.773],[257.356,306.067],[280.981,237.874],[271.374,166.928],[230.316,117.458],[203.626,110.164]],"c":true}]},{"i":{"x":0.833,"y":0.833},"o":{"x":0.333,"y":0},"t":24.667,"s":[{"i":[[5.732,-2.822],[5.509,-6.781],[3.384,-6.104],[2.171,-20.33],[-12.877,-22.544],[-18.075,-4.966],[-17.894,29.817],[-1.269,17.624],[9.883,29.155],[12.184,7.417],[6.499,-0.164]],"o":[[-13.106,6.452],[-2.312,2.846],[-2.747,4.955],[-4.626,43.315],[12.921,22.62],[19.478,5.352],[17.894,-29.817],[1.269,-17.624],[-8.874,-26.178],[-4.363,-2.656],[-7.341,0.186]],"v":[[178.856,116.298],[157.179,133.093],[141.429,154.417],[126.454,201.455],[139.454,292.567],[186.647,334.773],[257.356,306.067],[280.981,237.874],[271.374,166.928],[230.316,117.458],[203.626,110.164]],"c":true}]},{"t":28,"s":[{"i":[[1.379,-0.357],[0.408,-0.502],[0.251,-0.452],[0.161,-8.337],[-0.953,-1.669],[-18.695,-0.368],[-1.325,19.566],[-0.094,1.305],[-8.548,19.155],[22.182,0.549],[1.375,-0.082]],"o":[[-26.25,4.352],[-0.171,0.211],[-3.908,5.523],[-0.342,3.207],[0.957,19.033],[18.825,0.396],[1.325,-2.208],[0.094,-21.395],[7.943,-17.688],[-1.166,-0.197],[-1.453,0.085]],"v":[[216.589,115.951],[158.047,162.608],[156.88,164.197],[149.834,185.945],[150.797,294.882],[185.721,329.449],[222.401,295.881],[224.15,200.72],[249.498,156.048],[225.802,115.606],[221.22,115.169]],"c":true}]}],"ix":2},"nm":"Path 2","mn":"ADBE Vector Shape - Group","hd":false},{"ty":"mm","mm":1,"nm":"Merge Paths 1","mn":"ADBE Vector Filter - Merge","hd":false},{"ty":"gf","o":{"a":0,"k":100,"ix":10},"r":1,"bm":0,"g":{"p":3,"k":{"a":0,"k":[0,0.659,0.204,0.059,0.5,0.576,0.167,0.076,1,0.494,0.129,0.094],"ix":9}},"s":{"a":0,"k":[183,231],"ix":5},"e":{"a":0,"k":[236,118],"ix":6},"t":2,"h":{"a":0,"k":0,"ix":7},"a":{"a":0,"k":0,"ix":8},"nm":"Gradient Fill 1","mn":"ADBE Vector Graphic - G-Fill","hd":false},{"ty":"tr","p":{"a":0,"k":[500,500],"ix":2},"a":{"a":0,"k":[0,0],"ix":1},"s":{"a":0,"k":[100,100],"ix":3},"r":{"a":0,"k":0,"ix":6},"o":{"a":0,"k":100,"ix":7},"sk":{"a":0,"k":0,"ix":4},"sa":{"a":0,"k":0,"ix":5},"nm":"Transform"}],"nm":"Group 1","np":3,"cix":2,"bm":0,"ix":1,"mn":"ADBE Vector Group","hd":false}],"ip":0,"op":31.4285714285714,"st":0,"bm":0},{"ddd":0,"ind":14,"ty":4,"nm":"Bong Mieng","sr":1,"ks":{"o":{"a":0,"k":100,"ix":11},"r":{"a":0,"k":0,"ix":10},"p":{"a":1,"k":[{"i":{"x":0.667,"y":1},"o":{"x":0.333,"y":0.382},"t":0,"s":[699.385,760.825,0],"to":[-56.387,0.914,0],"ti":[30.926,-0.501,0]},{"i":{"x":0.667,"y":0.667},"o":{"x":0.333,"y":0.333},"t":4.667,"s":[503.6,764,0],"to":[0,0,0],"ti":[0,0,0]},{"i":{"x":0.667,"y":1},"o":{"x":0.333,"y":0},"t":8,"s":[503.6,764,0],"to":[-15.8,-27.2,0],"ti":[15.8,27.2,0]},{"i":{"x":0.667,"y":0.667},"o":{"x":0.333,"y":0.333},"t":13.333,"s":[408.8,600.8,0],"to":[0,0,0],"ti":[0,0,0]},{"i":{"x":0.667,"y":1},"o":{"x":0.333,"y":0},"t":16.667,"s":[408.8,600.8,0],"to":[23.8,-16,0],"ti":[-23.8,16,0]},{"i":{"x":0.667,"y":0.667},"o":{"x":0.333,"y":0.333},"t":22,"s":[551.6,504.8,0],"to":[0,0,0],"ti":[0,0,0]},{"i":{"x":0.667,"y":0.75},"o":{"x":0.333,"y":0},"t":24.667,"s":[551.6,504.8,0],"to":[21.314,31.31,0],"ti":[-36.636,-53.817,0]},{"t":28,"s":[712.717,741.475,0]}],"ix":2},"a":{"a":0,"k":[688,717,0],"ix":1},"s":{"a":1,"k":[{"i":{"x":[0.667,0.667,0.667],"y":[1,1,1]},"o":{"x":[0.333,0.333,0.333],"y":[0,0,0]},"t":0,"s":[120,120,100]},{"i":{"x":[0.667,0.667,0.667],"y":[1,1,1]},"o":{"x":[0.333,0.333,0.333],"y":[0,0,0]},"t":4.667,"s":[120,120,100]},{"i":{"x":[0.667,0.667,0.667],"y":[1,1,1]},"o":{"x":[0.333,0.333,0.333],"y":[0,0,0]},"t":8,"s":[120,120,100]},{"i":{"x":[0.667,0.667,0.667],"y":[1,1,1]},"o":{"x":[0.333,0.333,0.333],"y":[0,0,0]},"t":13.333,"s":[85.028,71.674,100]},{"i":{"x":[0.667,0.667,0.667],"y":[1,1,1]},"o":{"x":[0.333,0.333,0.333],"y":[0,0,0]},"t":16.667,"s":[85.028,71.674,100]},{"i":{"x":[0.667,0.667,0.667],"y":[1,1,1]},"o":{"x":[0.333,0.333,0.333],"y":[0,0,0]},"t":22,"s":[54.526,54.526,100]},{"i":{"x":[0.667,0.667,0.667],"y":[0.75,0.75,1]},"o":{"x":[0.333,0.333,0.333],"y":[0,0,0]},"t":24.667,"s":[54.526,54.526,100]},{"t":28,"s":[115.152,115.152,100]}],"ix":6}},"ao":0,"shapes":[{"ty":"gr","it":[{"ind":0,"ty":"sh","ix":1,"ks":{"a":1,"k":[{"i":{"x":0.667,"y":1},"o":{"x":0.167,"y":0.167},"t":0,"s":[{"i":[[1.509,29.471],[0.122,4.935],[-7.781,11.597],[-31.489,5.276],[-2.568,0.067],[-2.209,-0.633],[-8.567,-14.451],[7.445,-15.067],[4.701,-5.362],[0.114,-4.171],[0.955,-1.822],[32.988,-0.001]],"o":[[-1.426,-2.029],[-0.099,-14.336],[7.402,-10.665],[2.125,-0.625],[2.792,-0.077],[17.558,1.404],[8.858,14.916],[-4.813,10.352],[-6.104,6.626],[-0.129,1.801],[-0.955,29.147],[-30.981,0.001]],"v":[[128.702,296.809],[126.164,190.402],[137.913,150.846],[210.209,94.521],[217.879,93.147],[226.327,94.432],[267.368,119.013],[269.498,167.978],[253.63,190.694],[247.389,203.269],[245.47,295.776],[186.68,351.347]],"c":true}]},{"i":{"x":0.667,"y":1},"o":{"x":0.333,"y":0},"t":4.667,"s":[{"i":[[12.78,18.183],[1.03,41.795],[-11.422,22.005],[-9.859,5.286],[-10.887,-0.303],[-7.125,-5.358],[-8.567,-14.451],[-1.746,-9.427],[-0.211,-8.492],[0.962,-13.479],[8.089,-15.433],[47.853,-0.008]],"o":[[-12.076,-17.181],[-0.837,-33.945],[13.148,-25.331],[6.659,-3.57],[11.484,0.319],[15.809,11.889],[8.858,14.916],[1.746,9.427],[0.211,8.492],[-1.089,15.251],[-8.089,15.433],[-30.981,0.005]],"v":[[122.97,309.817],[101.47,232.955],[119.172,145.995],[165.341,98.82],[197.012,91.053],[232.941,103.361],[270.675,141.722],[286.254,184.073],[289.789,210.758],[288.839,244.499],[272.589,301.067],[194.397,352.008]],"c":true}]},{"i":{"x":0.667,"y":1},"o":{"x":0.333,"y":0},"t":8,"s":[{"i":[[12.78,18.183],[1.03,41.795],[-11.422,22.005],[-9.859,5.286],[-10.887,-0.303],[-7.125,-5.358],[-8.567,-14.451],[-1.746,-9.427],[-0.211,-8.492],[0.963,-13.479],[8.089,-15.433],[47.853,-0.008]],"o":[[-12.076,-17.181],[-0.837,-33.945],[13.148,-25.331],[6.659,-3.57],[11.484,0.32],[15.809,11.889],[8.858,14.916],[1.746,9.427],[0.211,8.492],[-1.089,15.251],[-8.089,15.433],[-30.981,0.005]],"v":[[122.97,309.817],[101.47,232.955],[119.172,145.995],[165.341,98.82],[197.012,91.053],[232.941,103.361],[270.675,141.722],[286.254,184.073],[289.789,210.758],[288.839,244.499],[272.589,301.067],[194.397,352.008]],"c":true}]},{"i":{"x":0.833,"y":0.833},"o":{"x":0.333,"y":0},"t":24.667,"s":[{"i":[[12.78,18.183],[1.03,41.795],[-11.422,22.005],[-9.859,5.286],[-10.887,-0.303],[-7.125,-5.358],[-8.567,-14.451],[-1.746,-9.427],[-0.211,-8.492],[0.963,-13.479],[8.089,-15.433],[47.853,-0.008]],"o":[[-12.076,-17.181],[-0.837,-33.945],[13.148,-25.331],[6.659,-3.57],[11.484,0.32],[15.809,11.889],[8.858,14.916],[1.746,9.427],[0.211,8.492],[-1.089,15.251],[-8.089,15.433],[-30.981,0.005]],"v":[[122.97,309.817],[101.47,232.955],[119.172,145.995],[165.341,98.82],[197.012,91.053],[232.941,103.361],[270.675,141.722],[286.254,184.073],[289.789,210.758],[288.839,244.499],[272.589,301.067],[194.397,352.008]],"c":true}]},{"t":28,"s":[{"i":[[0.946,30.035],[0.076,3.095],[-7.6,11.078],[-32.569,5.276],[-2.152,0.085],[-1.964,-0.397],[-8.567,-14.451],[7.904,-15.349],[4.947,-5.206],[0.071,-3.706],[0.599,-1.143],[32.246,-0.001]],"o":[[-0.894,-1.272],[-0.062,-13.357],[7.115,-9.932],[1.899,-0.478],[2.358,-0.097],[17.645,0.88],[8.858,14.916],[-5.14,10.398],[-6.42,6.533],[-0.081,1.129],[-0.599,29.832],[-30.981,0]],"v":[[128.989,296.159],[127.397,188.277],[138.849,151.088],[212.449,94.306],[218.922,93.252],[225.996,93.986],[267.203,117.879],[268.661,167.174],[251.825,189.692],[245.319,201.21],[244.116,295.511],[186.295,351.314]],"c":true}]}],"ix":2},"nm":"Path 5","mn":"ADBE Vector Shape - Group","hd":false},{"ty":"mm","mm":1,"nm":"Merge Paths 1","mn":"ADBE Vector Filter - Merge","hd":false},{"ty":"gf","o":{"a":0,"k":100,"ix":10},"r":1,"bm":0,"g":{"p":3,"k":{"a":0,"k":[0,0.969,0.6,0.251,0.5,0.969,0.6,0.251,1,0.969,0.6,0.251,0,1,0.5,0.5,1,0],"ix":9}},"s":{"a":1,"k":[{"i":{"x":0.667,"y":1},"o":{"x":0.333,"y":0.382},"t":0,"s":[142.5,186.692],"to":[0,-2.797],"ti":[0,1.531]},{"i":{"x":0.667,"y":0.667},"o":{"x":0.333,"y":0.333},"t":4.667,"s":[142.5,177],"to":[0,0],"ti":[0,0]},{"i":{"x":0.667,"y":0.667},"o":{"x":0.333,"y":0.333},"t":8,"s":[142.5,177],"to":[0,0],"ti":[0,0]},{"i":{"x":0.667,"y":0.75},"o":{"x":0.333,"y":0},"t":24.667,"s":[142.5,177],"to":[0,1.346],"ti":[0,-2.316]},{"t":28,"s":[142.5,187.185]}],"ix":5},"e":{"a":0,"k":[245,270],"ix":6},"t":1,"nm":"Gradient Fill 1","mn":"ADBE Vector Graphic - G-Fill","hd":false},{"ty":"tr","p":{"a":0,"k":[500,500],"ix":2},"a":{"a":0,"k":[0,0],"ix":1},"s":{"a":0,"k":[100,100],"ix":3},"r":{"a":0,"k":0,"ix":6},"o":{"a":0,"k":100,"ix":7},"sk":{"a":0,"k":0,"ix":4},"sa":{"a":0,"k":0,"ix":5},"nm":"Transform"}],"nm":"Group 1","np":3,"cix":2,"bm":0,"ix":1,"mn":"ADBE Vector Group","hd":false}],"ip":0,"op":31.4285714285714,"st":0,"bm":0},{"ddd":0,"ind":15,"ty":4,"nm":"Light Shadow Up","sr":1,"ks":{"o":{"a":1,"k":[{"i":{"x":[0.667],"y":[1]},"o":{"x":[0.167],"y":[0.167]},"t":0,"s":[60]},{"i":{"x":[0.667],"y":[1]},"o":{"x":[0.333],"y":[0]},"t":13.333,"s":[100]},{"i":{"x":[0.667],"y":[1]},"o":{"x":[0.333],"y":[0]},"t":15.333,"s":[100]},{"i":{"x":[0.667],"y":[1]},"o":{"x":[0.333],"y":[0]},"t":18.667,"s":[100]},{"i":{"x":[0.667],"y":[1]},"o":{"x":[0.333],"y":[0]},"t":22.667,"s":[57]},{"t":26,"s":[100]}],"ix":11},"r":{"a":0,"k":0,"ix":10},"p":{"a":0,"k":[500,500,0],"ix":2},"a":{"a":0,"k":[500,500,0],"ix":1},"s":{"a":0,"k":[120,120,100],"ix":6}},"ao":0,"shapes":[{"ty":"gr","it":[{"ty":"gr","it":[{"ind":0,"ty":"sh","ix":1,"ks":{"a":0,"k":{"i":[[0,-200.186],[-0.504,-7.77],[-155.156,0],[-75.292,-121.833],[0,7.897],[202.793,0]],"o":[[0,7.896],[75.291,-121.832],[155.151,0],[0.504,-7.77],[0,-200.186],[-202.8,0]],"v":[[-367.198,169.491],[-366.348,192.97],[0,-10.201],[366.347,192.971],[367.198,169.491],[0,-192.972]],"c":true},"ix":2},"nm":"Path 2","mn":"ADBE Vector Shape - Group","hd":false},{"ty":"tr","p":{"a":0,"k":[0,0],"ix":2},"a":{"a":0,"k":[0,0],"ix":1},"s":{"a":0,"k":[100,100],"ix":3},"r":{"a":0,"k":0,"ix":6},"o":{"a":0,"k":100,"ix":7},"sk":{"a":0,"k":0,"ix":4},"sa":{"a":0,"k":0,"ix":5},"nm":"Transform"}],"nm":"Group 1","np":1,"cix":2,"bm":0,"ix":1,"mn":"ADBE Vector Group","hd":false},{"ty":"mm","mm":4,"nm":"Merge Paths 1","mn":"ADBE Vector Filter - Merge","hd":false},{"ty":"gf","o":{"a":0,"k":100,"ix":10},"r":1,"bm":0,"g":{"p":3,"k":{"a":0,"k":[0,1,1,1,0.5,0.99,1,1,1,0.98,1,1,0,1,0.5,0.5,1,0],"ix":9}},"s":{"a":0,"k":[-9.945,-191.602],"ix":5},"e":{"a":0,"k":[-15.383,0.867],"ix":6},"t":1,"nm":"Gradient Fill 1","mn":"ADBE Vector Graphic - G-Fill","hd":false},{"ty":"tr","p":{"a":0,"k":[499.315,325.606],"ix":2},"a":{"a":0,"k":[0,0],"ix":1},"s":{"a":0,"k":[100,100],"ix":3},"r":{"a":0,"k":0,"ix":6},"o":{"a":0,"k":100,"ix":7},"sk":{"a":0,"k":0,"ix":4},"sa":{"a":0,"k":0,"ix":5},"nm":"Transform"}],"nm":"Group 1","np":3,"cix":2,"bm":0,"ix":1,"mn":"ADBE Vector Group","hd":false}],"ip":0,"op":32,"st":0,"bm":0},{"ddd":0,"ind":16,"ty":4,"nm":"Face","sr":1,"ks":{"o":{"a":0,"k":100,"ix":11},"r":{"a":0,"k":0,"ix":10},"p":{"a":0,"k":[500,500,0],"ix":2},"a":{"a":0,"k":[500,500,0],"ix":1},"s":{"a":0,"k":[120,120,100],"ix":6}},"ao":0,"shapes":[{"ty":"gr","it":[{"ty":"gr","it":[{"ind":0,"ty":"sh","ix":1,"ks":{"a":0,"k":{"i":[[0,-208.134],[-208.134,0],[0,208.128],[208.128,0]],"o":[[0,208.128],[208.128,0],[0,-208.134],[-208.134,0]],"v":[[-376.855,0],[0,376.855],[376.855,0],[0,-376.855]],"c":true},"ix":2},"nm":"Path 2","mn":"ADBE Vector Shape - Group","hd":false},{"ty":"tr","p":{"a":0,"k":[0,0],"ix":2},"a":{"a":0,"k":[0,0],"ix":1},"s":{"a":0,"k":[100,100],"ix":3},"r":{"a":0,"k":0,"ix":6},"o":{"a":0,"k":100,"ix":7},"sk":{"a":0,"k":0,"ix":4},"sa":{"a":0,"k":0,"ix":5},"nm":"Transform"}],"nm":"Group 1","np":1,"cix":2,"bm":0,"ix":1,"mn":"ADBE Vector Group","hd":false},{"ty":"mm","mm":4,"nm":"Merge Paths 1","mn":"ADBE Vector Filter - Merge","hd":false},{"ty":"gf","o":{"a":0,"k":100,"ix":10},"r":1,"bm":0,"g":{"p":7,"k":{"a":0,"k":[0,1,1,0.651,0.063,1,0.988,0.596,0.126,1,0.976,0.541,0.485,0.961,0.784,0.286,0.844,0.922,0.592,0.031,0.922,0.951,0.553,0.031,1,0.98,0.514,0.031],"ix":9}},"s":{"a":0,"k":[142.273,-155.805],"ix":5},"e":{"a":0,"k":[-277.203,255.742],"ix":6},"t":2,"h":{"a":0,"k":0,"ix":7},"a":{"a":0,"k":0,"ix":8},"nm":"Gradient Fill 1","mn":"ADBE Vector Graphic - G-Fill","hd":false},{"ty":"tr","p":{"a":0,"k":[500.494,499.751],"ix":2},"a":{"a":0,"k":[0,0],"ix":1},"s":{"a":0,"k":[100,100],"ix":3},"r":{"a":0,"k":0,"ix":6},"o":{"a":0,"k":100,"ix":7},"sk":{"a":0,"k":0,"ix":4},"sa":{"a":0,"k":0,"ix":5},"nm":"Transform"}],"nm":"Group 1","np":3,"cix":2,"bm":0,"ix":1,"mn":"ADBE Vector Group","hd":false}],"ip":0,"op":31.4285714285714,"st":0,"bm":0}],"markers":[]}