{"v":"4.10.1","fr":60,"ip":0,"op":91,"w":220,"h":220,"nm":"swipeLeft","ddd":0,"assets":[],"layers":[{"ddd":0,"ind":1,"ty":4,"nm":"hand/swipe-left Outlines","sr":1,"ks":{"o":{"a":1,"k":[{"i":{"x":[0.833],"y":[0.833]},"o":{"x":[0.167],"y":[0.167]},"n":["0p833_0p833_0p167_0p167"],"t":0,"s":[0],"e":[100]},{"i":{"x":[0.833],"y":[0.833]},"o":{"x":[0.167],"y":[0.167]},"n":["0p833_0p833_0p167_0p167"],"t":30,"s":[100],"e":[100]},{"i":{"x":[0.833],"y":[0.833]},"o":{"x":[0.167],"y":[0.167]},"n":["0p833_0p833_0p167_0p167"],"t":60,"s":[100],"e":[0]},{"t":90}],"ix":11},"r":{"a":1,"k":[{"i":{"x":[0.15],"y":[1]},"o":{"x":[0.15],"y":[0]},"n":["0p15_1_0p15_0"],"t":30,"s":[30],"e":[-67]},{"t":60}],"ix":10},"p":{"a":0,"k":[136,183,0],"ix":2},"a":{"a":0,"k":[23.5,120,0],"ix":1},"s":{"a":0,"k":[100,100,100],"ix":6}},"ao":0,"shapes":[{"ty":"gr","it":[{"ind":0,"ty":"sh","ix":1,"ks":{"a":0,"k":{"i":[[1.106,1.815],[0,0],[-2.168,1.271],[-1.238,-2.179],[0,0],[0,0],[0,0],[-2.502,0],[0,-2.483],[0,0],[0,0],[0,-4.076],[0,0],[0,0],[0,0],[1.261,-2.462],[1.837,-2.237],[0.912,0],[0,0]],"o":[[0,0],[-1.24,-2.182],[2.152,-1.262],[0,0],[0,0],[0,0],[0,-2.51],[2.486,0],[0,0],[0,0],[3,1.015],[0,0],[0,0],[0,0],[0,2.639],[-0.961,1.877],[-0.579,0.706],[0,0],[-2.126,0]],"v":[[-8.964,29.563],[-21.577,8.861],[-19.926,2.624],[-13.784,4.29],[-10.182,10.626],[-10.182,-13.228],[-10.182,-20.874],[-5.682,-25.418],[-1.182,-20.874],[-1.182,-2.561],[18.318,0.487],[22.818,8.124],[22.818,11.154],[22.818,12.677],[22.818,15.725],[20.452,25.202],[16.255,31.373],[13.9,32.487],[-3.758,32.487]],"c":true},"ix":2},"nm":"Path 1","mn":"ADBE Vector Shape - Group","hd":false},{"ind":1,"ty":"sh","ix":2,"ks":{"a":0,"k":{"i":[[-4.092,-3.894],[1.884,-3.839],[0.741,0.375],[-0.37,0.753],[2.214,2.108],[2.938,-2.796],[-1.257,-2.625],[0.744,-0.368],[0.363,0.757],[-3.159,3.006]],"o":[[3.183,3.029],[-0.37,0.753],[-0.742,-0.376],[1.293,-2.635],[-2.938,-2.796],[-2.198,2.092],[0.363,0.757],[-0.745,0.369],[-1.833,-3.826],[4.091,-3.894]],"v":[[1.708,-28.593],[3.816,-17.119],[1.805,-16.435],[1.132,-18.479],[-0.344,-26.369],[-11.021,-26.369],[-12.525,-18.536],[-13.215,-16.499],[-15.221,-17.202],[-13.072,-28.593]],"c":true},"ix":2},"nm":"Path 2","mn":"ADBE Vector Shape - Group","hd":false},{"ty":"mm","mm":1,"nm":"Merge Paths 1","mn":"ADBE Vector Filter - Merge","hd":false},{"ty":"fl","c":{"a":0,"k":[1,1,1,1],"ix":4},"o":{"a":0,"k":100,"ix":5},"r":1,"nm":"Fill 1","mn":"ADBE Vector Graphic - Fill","hd":false},{"ty":"tr","p":{"a":0,"k":[23.067,32.737],"ix":2},"a":{"a":0,"k":[0,0],"ix":1},"s":{"a":0,"k":[100,100],"ix":3},"r":{"a":0,"k":0,"ix":6},"o":{"a":0,"k":100,"ix":7},"sk":{"a":0,"k":0,"ix":4},"sa":{"a":0,"k":0,"ix":5},"nm":"Transform"}],"nm":"Group 1","np":4,"cix":2,"ix":1,"mn":"ADBE Vector Group","hd":false}],"ip":0,"op":180,"st":0,"bm":0},{"ddd":0,"ind":2,"ty":4,"nm":"line/swipe-left Outlines","sr":1,"ks":{"o":{"a":0,"k":100,"ix":11},"r":{"a":0,"k":0,"ix":10},"p":{"a":0,"k":[110,110,0],"ix":2},"a":{"a":0,"k":[92.5,50.5,0],"ix":1},"s":{"a":0,"k":[100,100,100],"ix":6}},"ao":0,"shapes":[{"ty":"gr","it":[{"ind":0,"ty":"sh","ix":1,"ks":{"a":0,"k":{"i":[[0,0],[16.095,0],[18.848,-41.588]],"o":[[-14.024,-5.747],[-48.631,0],[0,0]],"v":[[77.414,-26.342],[31.94,-35.258],[-77.414,35.258]],"c":false},"ix":2},"nm":"Path 1","mn":"ADBE Vector Shape - Group","hd":false},{"ty":"st","c":{"a":0,"k":[1,1,1,0],"ix":3},"o":{"a":0,"k":100,"ix":4},"w":{"a":0,"k":6,"ix":5},"lc":2,"lj":1,"ml":10,"nm":"Stroke 1","mn":"ADBE Vector Graphic - Stroke","hd":false},{"ty":"tr","p":{"a":0,"k":[92.414,50.259],"ix":2},"a":{"a":0,"k":[0,0],"ix":1},"s":{"a":0,"k":[100,100],"ix":3},"r":{"a":0,"k":0,"ix":6},"o":{"a":0,"k":100,"ix":7},"sk":{"a":0,"k":0,"ix":4},"sa":{"a":0,"k":0,"ix":5},"nm":"Transform"}],"nm":"Group 1","np":2,"cix":2,"ix":1,"mn":"ADBE Vector Group","hd":false},{"ty":"tm","s":{"a":1,"k":[{"i":{"x":[0.15],"y":[1]},"o":{"x":[0.15],"y":[0]},"n":["0p15_1_0p15_0"],"t":45,"s":[0],"e":[100]},{"t":90}],"ix":1},"e":{"a":1,"k":[{"i":{"x":[0.15],"y":[1]},"o":{"x":[0.15],"y":[0]},"n":["0p15_1_0p15_0"],"t":30,"s":[0],"e":[100]},{"t":60}],"ix":2},"o":{"a":0,"k":0,"ix":3},"m":1,"ix":2,"nm":"Trim Paths 1","mn":"ADBE Vector Filter - Trim","hd":false}],"ip":0,"op":180,"st":0,"bm":0},{"ddd":0,"ind":3,"ty":4,"nm":"line/swipe-left Outlines 2","sr":1,"ks":{"o":{"a":0,"k":100,"ix":11},"r":{"a":0,"k":0,"ix":10},"p":{"a":0,"k":[110,110,0],"ix":2},"a":{"a":0,"k":[92.5,50.5,0],"ix":1},"s":{"a":0,"k":[100,100,100],"ix":6}},"ao":0,"shapes":[{"ty":"gr","it":[{"ind":0,"ty":"sh","ix":1,"ks":{"a":0,"k":{"i":[[0,0],[16.095,0],[18.848,-41.588]],"o":[[-14.024,-5.747],[-48.631,0],[0,0]],"v":[[77.414,-26.342],[31.94,-35.258],[-77.414,35.258]],"c":false},"ix":2},"nm":"Path 1","mn":"ADBE Vector Shape - Group","hd":false},{"ty":"st","c":{"a":0,"k":[0.9254901960784314,0.9254901960784314,0.9254901960784314,1],"ix":3},"o":{"a":0,"k":100,"ix":4},"w":{"a":0,"k":6,"ix":5},"lc":2,"lj":1,"ml":10,"nm":"Stroke 1","mn":"ADBE Vector Graphic - Stroke","hd":false},{"ty":"tr","p":{"a":0,"k":[92.414,50.259],"ix":2},"a":{"a":0,"k":[0,0],"ix":1},"s":{"a":0,"k":[100,100],"ix":3},"r":{"a":0,"k":0,"ix":6},"o":{"a":0,"k":100,"ix":7},"sk":{"a":0,"k":0,"ix":4},"sa":{"a":0,"k":0,"ix":5},"nm":"Transform"}],"nm":"Group 1","np":2,"cix":2,"ix":1,"mn":"ADBE Vector Group","hd":false},{"ty":"tm","s":{"a":1,"k":[{"i":{"x":[0.15],"y":[1]},"o":{"x":[0.15],"y":[0]},"n":["0p15_1_0p15_0"],"t":55,"s":[0],"e":[100]},{"t":100}],"ix":1},"e":{"a":1,"k":[{"i":{"x":[0.15],"y":[1]},"o":{"x":[0.15],"y":[0]},"n":["0p15_1_0p15_0"],"t":40,"s":[0],"e":[100]},{"t":70}],"ix":2},"o":{"a":0,"k":0,"ix":3},"m":1,"ix":2,"nm":"Trim Paths 1","mn":"ADBE Vector Filter - Trim","hd":false}],"ip":10,"op":190,"st":10,"bm":0}]}