{"v":"5.5.10","fr":10,"ip":0,"op":27,"w":1000,"h":1000,"nm":"Cry Fixex Padding","ddd":0,"assets":[{"id":"comp_0","layers":[{"ddd":0,"ind":1,"ty":4,"nm":"Dong nuoc mat 2","td":1,"sr":1,"ks":{"o":{"a":0,"k":100,"ix":11},"r":{"a":0,"k":0,"ix":10},"p":{"a":0,"k":[504.359,624.189,0],"ix":2},"a":{"a":0,"k":[422.035,272.689,0],"ix":1},"s":{"a":0,"k":[100,100,100],"ix":6}},"ao":0,"shapes":[{"ty":"gr","it":[{"ty":"gr","it":[{"ind":0,"ty":"sh","ix":1,"ks":{"a":0,"k":{"i":[[3.793,-17.45],[-57.658,-3.793],[-5.31,26.553]],"o":[[-3.794,17.449],[-44.76,-16.69],[0,0]],"v":[[-69.796,-6.828],[73.59,35.657],[-13.656,-35.657]],"c":true},"ix":2},"nm":"Path 2","mn":"ADBE Vector Shape - Group","hd":false},{"ty":"tr","p":{"a":0,"k":[0,0],"ix":2},"a":{"a":0,"k":[0,0],"ix":1},"s":{"a":0,"k":[100,100],"ix":3},"r":{"a":0,"k":0,"ix":6},"o":{"a":0,"k":100,"ix":7},"sk":{"a":0,"k":0,"ix":4},"sa":{"a":0,"k":0,"ix":5},"nm":"Transform"}],"nm":"Group 1","np":1,"cix":2,"bm":0,"ix":1,"mn":"ADBE Vector Group","hd":false},{"ty":"mm","mm":4,"nm":"Merge Paths 1","mn":"ADBE Vector Filter - Merge","hd":false},{"ty":"gf","o":{"a":0,"k":100,"ix":10},"r":1,"bm":0,"g":{"p":3,"k":{"a":0,"k":[0,1,1,1,0.5,1,1,1,1,1,1,1,0,1,0.368,0.5,1,0],"ix":9}},"s":{"a":0,"k":[-87.93,-11.859],"ix":5},"e":{"a":0,"k":[19.102,0.078],"ix":6},"t":2,"h":{"a":0,"k":0,"ix":7},"a":{"a":0,"k":0,"ix":8},"nm":"Gradient Fill 1","mn":"ADBE Vector Graphic - G-Fill","hd":false},{"ty":"tr","p":{"a":0,"k":[115.855,468.736],"ix":2},"a":{"a":0,"k":[0,0],"ix":1},"s":{"a":0,"k":[100,100],"ix":3},"r":{"a":0,"k":0,"ix":6},"o":{"a":0,"k":100,"ix":7},"sk":{"a":0,"k":0,"ix":4},"sa":{"a":0,"k":0,"ix":5},"nm":"Transform"}],"nm":"Group 1","np":3,"cix":2,"bm":0,"ix":1,"mn":"ADBE Vector Group","hd":false},{"ty":"gr","it":[{"ty":"gr","it":[{"ind":0,"ty":"sh","ix":1,"ks":{"a":0,"k":{"i":[[44.761,-16.69],[3.793,17.449],[0,0]],"o":[[57.658,-3.793],[-3.794,-17.45],[5.311,26.553]],"v":[[-73.59,35.657],[69.797,-6.828],[13.655,-35.657]],"c":true},"ix":2},"nm":"Path 2","mn":"ADBE Vector Shape - Group","hd":false},{"ty":"tr","p":{"a":0,"k":[0,0],"ix":2},"a":{"a":0,"k":[0,0],"ix":1},"s":{"a":0,"k":[100,100],"ix":3},"r":{"a":0,"k":0,"ix":6},"o":{"a":0,"k":100,"ix":7},"sk":{"a":0,"k":0,"ix":4},"sa":{"a":0,"k":0,"ix":5},"nm":"Transform"}],"nm":"Group 1","np":1,"cix":2,"bm":0,"ix":1,"mn":"ADBE Vector Group","hd":false},{"ty":"mm","mm":4,"nm":"Merge Paths 1","mn":"ADBE Vector Filter - Merge","hd":false},{"ty":"gf","o":{"a":0,"k":100,"ix":10},"r":1,"bm":0,"g":{"p":3,"k":{"a":0,"k":[0,1,1,1,0.376,1,1,1,0.751,1,1,1,0,1,0.414,0.5,1,0],"ix":9}},"s":{"a":0,"k":[93.205,-4.155],"ix":5},"e":{"a":0,"k":[-17.245,-3.676],"ix":6},"t":2,"h":{"a":0,"k":0,"ix":7},"a":{"a":0,"k":0,"ix":8},"nm":"Gradient Fill 1","mn":"ADBE Vector Graphic - G-Fill","hd":false},{"ty":"tr","p":{"a":0,"k":[744.466,467.927],"ix":2},"a":{"a":0,"k":[0,0],"ix":1},"s":{"a":0,"k":[100,100],"ix":3},"r":{"a":0,"k":0,"ix":6},"o":{"a":0,"k":100,"ix":7},"sk":{"a":0,"k":0,"ix":4},"sa":{"a":0,"k":0,"ix":5},"nm":"Transform"}],"nm":"Group 2","np":3,"cix":2,"bm":0,"ix":2,"mn":"ADBE Vector Group","hd":false},{"ty":"gr","it":[{"ty":"gr","it":[{"ind":0,"ty":"sh","ix":1,"ks":{"a":0,"k":{"i":[[0,-18.694],[232.94,0],[0,46.43],[-51.528,13.9],[-25.916,57.901],[-1.942,3.945],[0,0],[-6.798,1.336],[-16.039,5.067],[0,0],[8.801,-23.245],[1.397,-3.763],[12.322,-56.87],[-2.914,-50.072],[-77.141,0],[-48.736,20.513],[-16.69,10.075],[17.176,79.325],[12.685,33.564],[0,0],[-46.551,-19.179],[-9.286,-19.726],[23.427,-170.851]],"o":[[0,46.43],[-232.878,0],[0,-18.694],[-22.457,-163.87],[2.185,-4.916],[7.707,-15.78],[5.766,-2.367],[15.537,-3.095],[37.756,-11.928],[0,0],[-1.275,3.399],[-12.38,33.684],[-17.175,79.325],[61.603,37.084],[56.202,0],[18.208,-7.648],[2.913,-50.011],[-13.473,-62.09],[-9.225,-24.398],[0,0],[0,0],[25.552,54.623],[51.528,13.96]],"v":[[421.785,188.38],[-0.031,272.439],[-421.785,188.38],[-339.789,138.55],[-295.908,-205.396],[-289.717,-218.687],[-276.729,-242.782],[-257.792,-248.245],[-207.782,-251.401],[-127.693,-272.439],[-155.1,-207.095],[-159.107,-196.352],[-199.832,-56.637],[-210.877,179.033],[-0.031,237.54],[158.499,205.738],[210.877,179.033],[199.831,-56.637],[155.829,-205.153],[128.979,-270.295],[276.729,-242.782],[292.692,-212.557],[339.789,138.49]],"c":true},"ix":2},"nm":"Path 4","mn":"ADBE Vector Shape - Group","hd":false},{"ty":"tr","p":{"a":0,"k":[0,0],"ix":2},"a":{"a":0,"k":[0,0],"ix":1},"s":{"a":0,"k":[100,100],"ix":3},"r":{"a":0,"k":0,"ix":6},"o":{"a":0,"k":100,"ix":7},"sk":{"a":0,"k":0,"ix":4},"sa":{"a":0,"k":0,"ix":5},"nm":"Transform"}],"nm":"Group 1","np":1,"cix":2,"bm":0,"ix":1,"mn":"ADBE Vector Group","hd":false},{"ty":"mm","mm":4,"nm":"Merge Paths 1","mn":"ADBE Vector Filter - Merge","hd":false},{"ty":"gf","o":{"a":0,"k":100,"ix":10},"r":1,"bm":0,"g":{"p":3,"k":{"a":0,"k":[0,0.306,0.804,0.945,0.5,0.224,0.61,0.902,1,0.141,0.416,0.859],"ix":9}},"s":{"a":0,"k":[7.766,-176.016],"ix":5},"e":{"a":0,"k":[3.086,302.031],"ix":6},"t":1,"nm":"Gradient Fill 1","mn":"ADBE Vector Graphic - G-Fill","hd":false},{"ty":"tr","p":{"a":0,"k":[422.035,272.689],"ix":2},"a":{"a":0,"k":[0,0],"ix":1},"s":{"a":0,"k":[100,100],"ix":3},"r":{"a":0,"k":0,"ix":6},"o":{"a":0,"k":100,"ix":7},"sk":{"a":0,"k":0,"ix":4},"sa":{"a":0,"k":0,"ix":5},"nm":"Transform"}],"nm":"Group 3","np":3,"cix":2,"bm":0,"ix":3,"mn":"ADBE Vector Group","hd":false}],"ip":0,"op":32.5,"st":0,"bm":0},{"ddd":0,"ind":2,"ty":4,"nm":"Nuoc Mat Trai","tt":1,"sr":1,"ks":{"o":{"a":1,"k":[{"i":{"x":[0.667],"y":[1]},"o":{"x":[0.333],"y":[0]},"t":0,"s":[100]},{"i":{"x":[0.667],"y":[1]},"o":{"x":[0.333],"y":[0]},"t":7.083,"s":[100]},{"i":{"x":[0.606],"y":[-8.086]},"o":{"x":[0.171],"y":[0]},"t":8.75,"s":[0]},{"i":{"x":[0.694],"y":[1]},"o":{"x":[0.352],"y":[0.406]},"t":9.167,"s":[0]},{"i":{"x":[0.667],"y":[1]},"o":{"x":[0.333],"y":[0]},"t":11.25,"s":[100]},{"i":{"x":[0.667],"y":[1]},"o":{"x":[0.333],"y":[0]},"t":12.917,"s":[100]},{"i":{"x":[0.667],"y":[1]},"o":{"x":[0.333],"y":[0]},"t":20,"s":[100]},{"t":22.9166666666667,"s":[0]}],"ix":11},"r":{"a":1,"k":[{"i":{"x":[0.667],"y":[1]},"o":{"x":[0.333],"y":[0]},"t":0,"s":[-7]},{"i":{"x":[0.667],"y":[1]},"o":{"x":[0.333],"y":[0]},"t":8.333,"s":[0]},{"i":{"x":[0.667],"y":[1]},"o":{"x":[0.333],"y":[0]},"t":10.417,"s":[-7]},{"i":{"x":[0.667],"y":[1]},"o":{"x":[0.333],"y":[0]},"t":12.917,"s":[-7]},{"t":21.25,"s":[0]}],"ix":10},"p":{"a":1,"k":[{"i":{"x":0.667,"y":0.99},"o":{"x":0.333,"y":0},"t":0,"s":[100.5,378,0],"to":[-45.494,105.6,0],"ti":[-8.084,-226.074,0]},{"i":{"x":0.667,"y":1},"o":{"x":0.333,"y":0.007},"t":8.75,"s":[43.907,828.425,0],"to":[0.031,0.856,0],"ti":[-0.031,-0.86,0]},{"i":{"x":0.667,"y":1},"o":{"x":0.333,"y":0},"t":9.167,"s":[42.5,798,0],"to":[2.581,70.617,0],"ti":[27.959,-64.898,0]},{"i":{"x":0.667,"y":0.491},"o":{"x":0.333,"y":0},"t":10.417,"s":[100.5,378,0],"to":[-14.944,34.688,0],"ti":[-0.433,1.005,0]},{"i":{"x":0.667,"y":1},"o":{"x":0.312,"y":1},"t":11.667,"s":[96.449,356.22,0],"to":[0.829,-1.925,0],"ti":[0.846,-1.963,0]},{"i":{"x":0.667,"y":1},"o":{"x":0.333,"y":0},"t":12.917,"s":[100.5,378,0],"to":[-45.667,106,0],"ti":[-8.333,-228,0]},{"t":22.0833333333333,"s":[42.5,798,0]}],"ix":2},"a":{"a":0,"k":[0,0,0],"ix":1},"s":{"a":0,"k":[100.034,99.966,100],"ix":6}},"ao":0,"shapes":[{"ty":"gr","it":[{"ind":0,"ty":"sh","ix":1,"ks":{"a":0,"k":{"i":[[36.5,10],[35,-22],[0,0],[-16,12],[-31.543,14.911],[-20.218,4.485],[0,0],[11.5,4.5],[28.5,-9.5]],"o":[[-36.5,-10],[-35,22],[0,0],[16,-12],[30.905,-14.61],[24.895,-5.522],[0,0],[-11.5,-4.5],[-28.5,9.5]],"v":[[205,-58],[126,-50],[121.5,21],[146.359,12.418],[208.279,11.297],[276.534,18.099],[320.758,25.77],[335.5,-49],[284.5,-57]],"c":true},"ix":2},"nm":"Path 1","mn":"ADBE Vector Shape - Group","hd":false},{"ty":"gf","o":{"a":0,"k":100,"ix":10},"r":1,"bm":0,"g":{"p":3,"k":{"a":0,"k":[0,1,1,1,0.5,1,1,1,1,1,1,1,0,1,0.368,0.5,1,0],"ix":9}},"s":{"a":0,"k":[214.818,-61.79],"ix":5},"e":{"a":0,"k":[195.518,54.168],"ix":6},"t":2,"h":{"a":0,"k":0,"ix":7},"a":{"a":0,"k":0,"ix":8},"nm":"Gradient Fill 1","mn":"ADBE Vector Graphic - G-Fill","hd":false},{"ty":"tr","p":{"a":0,"k":[0,0],"ix":2},"a":{"a":0,"k":[0,0],"ix":1},"s":{"a":0,"k":[100,100],"ix":3},"r":{"a":0,"k":0,"ix":6},"o":{"a":0,"k":100,"ix":7},"sk":{"a":0,"k":0,"ix":4},"sa":{"a":0,"k":0,"ix":5},"nm":"Transform"}],"nm":"Shape 1","np":3,"cix":2,"bm":0,"ix":1,"mn":"ADBE Vector Group","hd":false}],"ip":0,"op":32.5,"st":0,"bm":0},{"ddd":0,"ind":3,"ty":4,"nm":"Dong nuoc mat 3","td":1,"sr":1,"ks":{"o":{"a":0,"k":100,"ix":11},"r":{"a":0,"k":0,"ix":10},"p":{"a":0,"k":[504.359,624.189,0],"ix":2},"a":{"a":0,"k":[422.035,272.689,0],"ix":1},"s":{"a":0,"k":[100,100,100],"ix":6}},"ao":0,"shapes":[{"ty":"gr","it":[{"ty":"gr","it":[{"ind":0,"ty":"sh","ix":1,"ks":{"a":0,"k":{"i":[[3.793,-17.45],[-57.658,-3.793],[-5.31,26.553]],"o":[[-3.794,17.449],[-44.76,-16.69],[0,0]],"v":[[-69.796,-6.828],[73.59,35.657],[-13.656,-35.657]],"c":true},"ix":2},"nm":"Path 2","mn":"ADBE Vector Shape - Group","hd":false},{"ty":"tr","p":{"a":0,"k":[0,0],"ix":2},"a":{"a":0,"k":[0,0],"ix":1},"s":{"a":0,"k":[100,100],"ix":3},"r":{"a":0,"k":0,"ix":6},"o":{"a":0,"k":100,"ix":7},"sk":{"a":0,"k":0,"ix":4},"sa":{"a":0,"k":0,"ix":5},"nm":"Transform"}],"nm":"Group 1","np":1,"cix":2,"bm":0,"ix":1,"mn":"ADBE Vector Group","hd":false},{"ty":"mm","mm":4,"nm":"Merge Paths 1","mn":"ADBE Vector Filter - Merge","hd":false},{"ty":"gf","o":{"a":0,"k":100,"ix":10},"r":1,"bm":0,"g":{"p":3,"k":{"a":0,"k":[0,1,1,1,0.5,1,1,1,1,1,1,1,0,1,0.368,0.5,1,0],"ix":9}},"s":{"a":0,"k":[-87.93,-11.859],"ix":5},"e":{"a":0,"k":[19.102,0.078],"ix":6},"t":2,"h":{"a":0,"k":0,"ix":7},"a":{"a":0,"k":0,"ix":8},"nm":"Gradient Fill 1","mn":"ADBE Vector Graphic - G-Fill","hd":false},{"ty":"tr","p":{"a":0,"k":[115.855,468.736],"ix":2},"a":{"a":0,"k":[0,0],"ix":1},"s":{"a":0,"k":[100,100],"ix":3},"r":{"a":0,"k":0,"ix":6},"o":{"a":0,"k":100,"ix":7},"sk":{"a":0,"k":0,"ix":4},"sa":{"a":0,"k":0,"ix":5},"nm":"Transform"}],"nm":"Group 1","np":3,"cix":2,"bm":0,"ix":1,"mn":"ADBE Vector Group","hd":false},{"ty":"gr","it":[{"ty":"gr","it":[{"ind":0,"ty":"sh","ix":1,"ks":{"a":0,"k":{"i":[[44.761,-16.69],[3.793,17.449],[0,0]],"o":[[57.658,-3.793],[-3.794,-17.45],[5.311,26.553]],"v":[[-73.59,35.657],[69.797,-6.828],[13.655,-35.657]],"c":true},"ix":2},"nm":"Path 2","mn":"ADBE Vector Shape - Group","hd":false},{"ty":"tr","p":{"a":0,"k":[0,0],"ix":2},"a":{"a":0,"k":[0,0],"ix":1},"s":{"a":0,"k":[100,100],"ix":3},"r":{"a":0,"k":0,"ix":6},"o":{"a":0,"k":100,"ix":7},"sk":{"a":0,"k":0,"ix":4},"sa":{"a":0,"k":0,"ix":5},"nm":"Transform"}],"nm":"Group 1","np":1,"cix":2,"bm":0,"ix":1,"mn":"ADBE Vector Group","hd":false},{"ty":"mm","mm":4,"nm":"Merge Paths 1","mn":"ADBE Vector Filter - Merge","hd":false},{"ty":"gf","o":{"a":0,"k":100,"ix":10},"r":1,"bm":0,"g":{"p":3,"k":{"a":0,"k":[0,1,1,1,0.376,1,1,1,0.751,1,1,1,0,1,0.414,0.5,1,0],"ix":9}},"s":{"a":0,"k":[93.205,-4.155],"ix":5},"e":{"a":0,"k":[-17.245,-3.676],"ix":6},"t":2,"h":{"a":0,"k":0,"ix":7},"a":{"a":0,"k":0,"ix":8},"nm":"Gradient Fill 1","mn":"ADBE Vector Graphic - G-Fill","hd":false},{"ty":"tr","p":{"a":0,"k":[744.466,467.927],"ix":2},"a":{"a":0,"k":[0,0],"ix":1},"s":{"a":0,"k":[100,100],"ix":3},"r":{"a":0,"k":0,"ix":6},"o":{"a":0,"k":100,"ix":7},"sk":{"a":0,"k":0,"ix":4},"sa":{"a":0,"k":0,"ix":5},"nm":"Transform"}],"nm":"Group 2","np":3,"cix":2,"bm":0,"ix":2,"mn":"ADBE Vector Group","hd":false},{"ty":"gr","it":[{"ty":"gr","it":[{"ind":0,"ty":"sh","ix":1,"ks":{"a":0,"k":{"i":[[0,-18.694],[232.94,0],[0,46.43],[-51.528,13.9],[-25.916,57.901],[-1.942,3.945],[0,0],[-6.798,1.336],[-16.039,5.067],[0,0],[8.801,-23.245],[1.397,-3.763],[12.322,-56.87],[-2.914,-50.072],[-77.141,0],[-48.736,20.513],[-16.69,10.075],[17.176,79.325],[12.685,33.564],[0,0],[-46.551,-19.179],[-9.286,-19.726],[23.427,-170.851]],"o":[[0,46.43],[-232.878,0],[0,-18.694],[-22.457,-163.87],[2.185,-4.916],[7.707,-15.78],[5.766,-2.367],[15.537,-3.095],[37.756,-11.928],[0,0],[-1.275,3.399],[-12.38,33.684],[-17.175,79.325],[61.603,37.084],[56.202,0],[18.208,-7.648],[2.913,-50.011],[-13.473,-62.09],[-9.225,-24.398],[0,0],[0,0],[25.552,54.623],[51.528,13.96]],"v":[[421.785,188.38],[-0.031,272.439],[-421.785,188.38],[-339.789,138.55],[-295.908,-205.396],[-289.717,-218.687],[-276.729,-242.782],[-257.792,-248.245],[-207.782,-251.401],[-127.693,-272.439],[-155.1,-207.095],[-159.107,-196.352],[-199.832,-56.637],[-210.877,179.033],[-0.031,237.54],[158.499,205.738],[210.877,179.033],[199.831,-56.637],[155.829,-205.153],[128.979,-270.295],[276.729,-242.782],[292.692,-212.557],[339.789,138.49]],"c":true},"ix":2},"nm":"Path 4","mn":"ADBE Vector Shape - Group","hd":false},{"ty":"tr","p":{"a":0,"k":[0,0],"ix":2},"a":{"a":0,"k":[0,0],"ix":1},"s":{"a":0,"k":[100,100],"ix":3},"r":{"a":0,"k":0,"ix":6},"o":{"a":0,"k":100,"ix":7},"sk":{"a":0,"k":0,"ix":4},"sa":{"a":0,"k":0,"ix":5},"nm":"Transform"}],"nm":"Group 1","np":1,"cix":2,"bm":0,"ix":1,"mn":"ADBE Vector Group","hd":false},{"ty":"mm","mm":4,"nm":"Merge Paths 1","mn":"ADBE Vector Filter - Merge","hd":false},{"ty":"gf","o":{"a":0,"k":100,"ix":10},"r":1,"bm":0,"g":{"p":3,"k":{"a":0,"k":[0,0.306,0.804,0.945,0.5,0.224,0.61,0.902,1,0.141,0.416,0.859],"ix":9}},"s":{"a":0,"k":[7.766,-176.016],"ix":5},"e":{"a":0,"k":[3.086,302.031],"ix":6},"t":1,"nm":"Gradient Fill 1","mn":"ADBE Vector Graphic - G-Fill","hd":false},{"ty":"tr","p":{"a":0,"k":[422.035,272.689],"ix":2},"a":{"a":0,"k":[0,0],"ix":1},"s":{"a":0,"k":[100,100],"ix":3},"r":{"a":0,"k":0,"ix":6},"o":{"a":0,"k":100,"ix":7},"sk":{"a":0,"k":0,"ix":4},"sa":{"a":0,"k":0,"ix":5},"nm":"Transform"}],"nm":"Group 3","np":3,"cix":2,"bm":0,"ix":3,"mn":"ADBE Vector Group","hd":false}],"ip":0,"op":32.5,"st":0,"bm":0},{"ddd":0,"ind":4,"ty":4,"nm":"Nuoc Mat Phai","tt":1,"sr":1,"ks":{"o":{"a":1,"k":[{"i":{"x":[0.667],"y":[1]},"o":{"x":[0.333],"y":[0]},"t":0,"s":[100]},{"i":{"x":[0.667],"y":[1]},"o":{"x":[0.333],"y":[0]},"t":7.083,"s":[100]},{"i":{"x":[0.606],"y":[-8.086]},"o":{"x":[0.171],"y":[0]},"t":9.583,"s":[0]},{"i":{"x":[0.694],"y":[1]},"o":{"x":[0.352],"y":[0.081]},"t":10,"s":[0]},{"i":{"x":[0.667],"y":[1]},"o":{"x":[0.333],"y":[0]},"t":10.417,"s":[100]},{"i":{"x":[0.667],"y":[1]},"o":{"x":[0.333],"y":[0]},"t":12.917,"s":[100]},{"i":{"x":[0.667],"y":[1]},"o":{"x":[0.333],"y":[0]},"t":20,"s":[100]},{"t":22.0833333333333,"s":[0]}],"ix":11},"r":{"a":1,"k":[{"i":{"x":[0.667],"y":[1]},"o":{"x":[0.333],"y":[0]},"t":0,"s":[7]},{"i":{"x":[0.667],"y":[1]},"o":{"x":[0.333],"y":[0]},"t":8.333,"s":[0]},{"i":{"x":[0.667],"y":[1]},"o":{"x":[0.333],"y":[0]},"t":10.417,"s":[7]},{"i":{"x":[0.667],"y":[1]},"o":{"x":[0.333],"y":[0]},"t":12.917,"s":[7]},{"t":21.25,"s":[0]}],"ix":10},"p":{"a":1,"k":[{"i":{"x":0.833,"y":0.833},"o":{"x":0.333,"y":0},"t":0,"s":[457.5,322,0],"to":[-0.333,1,0],"ti":[-9.369,-150.829,0]},{"i":{"x":0.667,"y":1},"o":{"x":0.167,"y":0.167},"t":7.5,"s":[531.088,701.588,0],"to":[3.557,57.266,0],"ti":[-2.657,-19.298,0]},{"i":{"x":0.667,"y":1},"o":{"x":0.333,"y":0},"t":9.167,"s":[496.5,849,0],"to":[9.5,69,0],"ti":[0.333,-1,0]},{"i":{"x":0.667,"y":1},"o":{"x":0.333,"y":0},"t":10.417,"s":[457.5,322,0],"to":[-0.333,1,0],"ti":[0.333,-1,0]},{"i":{"x":0.833,"y":0.833},"o":{"x":0.333,"y":0},"t":12.917,"s":[457.5,322,0],"to":[-0.333,1,0],"ti":[-9.369,-150.829,0]},{"i":{"x":0.667,"y":1},"o":{"x":0.167,"y":0.167},"t":20.417,"s":[531.088,701.588,0],"to":[3.557,57.266,0],"ti":[-2.657,-19.298,0]},{"t":22.0833333333333,"s":[496.5,847,0]}],"ix":2},"a":{"a":0,"k":[0,0,0],"ix":1},"s":{"a":0,"k":[100.034,99.966,100],"ix":6}},"ao":0,"shapes":[{"ty":"gr","it":[{"ind":0,"ty":"sh","ix":1,"ks":{"a":0,"k":{"i":[[36.5,10],[35,-22],[0,0],[-16,12],[-27.5,-6.5],[-22.5,12],[0,0],[11.5,4.5],[28.5,-9.5]],"o":[[-36.5,-10],[-35,22],[0,0],[16,-12],[27.5,6.5],[22.5,-12],[0,0],[-11.5,-4.5],[-28.5,9.5]],"v":[[205,-58],[126,-50],[121.5,21],[170.5,14],[234,6],[312,22],[359.5,6.5],[335.5,-49],[284.5,-57]],"c":true},"ix":2},"nm":"Path 1","mn":"ADBE Vector Shape - Group","hd":false},{"ty":"gf","o":{"a":0,"k":100,"ix":10},"r":1,"bm":0,"g":{"p":3,"k":{"a":0,"k":[0,1,1,1,0.5,1,1,1,1,1,1,1,0,1,0.368,0.5,1,0],"ix":9}},"s":{"a":0,"k":[257,-59.25],"ix":5},"e":{"a":0,"k":[272.5,71],"ix":6},"t":2,"h":{"a":0,"k":0,"ix":7},"a":{"a":0,"k":0,"ix":8},"nm":"Gradient Fill 1","mn":"ADBE Vector Graphic - G-Fill","hd":false},{"ty":"tr","p":{"a":0,"k":[0,0],"ix":2},"a":{"a":0,"k":[0,0],"ix":1},"s":{"a":0,"k":[100,100],"ix":3},"r":{"a":0,"k":0,"ix":6},"o":{"a":0,"k":100,"ix":7},"sk":{"a":0,"k":0,"ix":4},"sa":{"a":0,"k":0,"ix":5},"nm":"Transform"}],"nm":"Shape 1","np":3,"cix":2,"bm":0,"ix":1,"mn":"ADBE Vector Group","hd":false}],"ip":0,"op":32.5,"st":0,"bm":0}]}],"layers":[{"ddd":0,"ind":1,"ty":4,"nm":"Chan May Trai","sr":1,"ks":{"o":{"a":0,"k":100,"ix":11},"r":{"a":1,"k":[{"i":{"x":[0.667],"y":[1]},"o":{"x":[0.333],"y":[0]},"t":0,"s":[0]},{"i":{"x":[0.667],"y":[1]},"o":{"x":[0.333],"y":[0]},"t":2.083,"s":[-15]},{"i":{"x":[0.667],"y":[1]},"o":{"x":[0.333],"y":[0]},"t":3.75,"s":[0]},{"i":{"x":[0.667],"y":[1]},"o":{"x":[0.333],"y":[0]},"t":5.417,"s":[-15]},{"i":{"x":[0.667],"y":[1]},"o":{"x":[0.333],"y":[0]},"t":7.083,"s":[0]},{"i":{"x":[0.667],"y":[1]},"o":{"x":[0.333],"y":[0]},"t":8.75,"s":[-15]},{"i":{"x":[0.667],"y":[1]},"o":{"x":[0.333],"y":[0]},"t":12.083,"s":[0]},{"i":{"x":[0.667],"y":[1]},"o":{"x":[0.333],"y":[0]},"t":15,"s":[0]},{"i":{"x":[0.667],"y":[1]},"o":{"x":[0.333],"y":[0]},"t":17.083,"s":[-15]},{"i":{"x":[0.667],"y":[1]},"o":{"x":[0.333],"y":[0]},"t":18.75,"s":[0]},{"i":{"x":[0.667],"y":[1]},"o":{"x":[0.333],"y":[0]},"t":20.417,"s":[-15]},{"i":{"x":[0.667],"y":[1]},"o":{"x":[0.333],"y":[0]},"t":22.083,"s":[0]},{"i":{"x":[0.667],"y":[1]},"o":{"x":[0.333],"y":[0]},"t":23.75,"s":[-15]},{"t":27.08349609375,"s":[0]}],"ix":10},"p":{"a":1,"k":[{"i":{"x":0.667,"y":1},"o":{"x":0.333,"y":0},"t":0,"s":[375.933,190.687,0],"to":[0,-6.3,0],"ti":[0,3.7,0]},{"i":{"x":0.667,"y":1},"o":{"x":0.333,"y":0},"t":2.083,"s":[375.933,152.887,0],"to":[0,-3.7,0],"ti":[0,0,0]},{"i":{"x":0.667,"y":1},"o":{"x":0.333,"y":0},"t":3.75,"s":[375.933,168.487,0],"to":[0,0,0],"ti":[0,0,0]},{"i":{"x":0.667,"y":1},"o":{"x":0.333,"y":0},"t":5.417,"s":[375.933,152.887,0],"to":[0,0,0],"ti":[0,0,0]},{"i":{"x":0.667,"y":1},"o":{"x":0.333,"y":0},"t":7.083,"s":[375.933,168.487,0],"to":[0,0,0],"ti":[0,-3.7,0]},{"i":{"x":0.667,"y":1},"o":{"x":0.333,"y":0},"t":8.75,"s":[375.933,152.887,0],"to":[0,3.7,0],"ti":[0,-6.3,0]},{"i":{"x":0.667,"y":0.667},"o":{"x":0.333,"y":0.333},"t":12.083,"s":[375.933,190.687,0],"to":[0,0,0],"ti":[0,0,0]},{"i":{"x":0.667,"y":1},"o":{"x":0.333,"y":0},"t":15,"s":[375.933,190.687,0],"to":[0,-6.3,0],"ti":[0,3.7,0]},{"i":{"x":0.667,"y":1},"o":{"x":0.333,"y":0},"t":17.083,"s":[375.933,152.887,0],"to":[0,-3.7,0],"ti":[0,0,0]},{"i":{"x":0.667,"y":1},"o":{"x":0.333,"y":0},"t":18.75,"s":[375.933,168.487,0],"to":[0,0,0],"ti":[0,0,0]},{"i":{"x":0.667,"y":1},"o":{"x":0.333,"y":0},"t":20.417,"s":[375.933,152.887,0],"to":[0,0,0],"ti":[0,0,0]},{"i":{"x":0.667,"y":1},"o":{"x":0.333,"y":0},"t":22.083,"s":[375.933,168.487,0],"to":[0,0,0],"ti":[0,-3.7,0]},{"i":{"x":0.667,"y":1},"o":{"x":0.333,"y":0},"t":23.75,"s":[375.933,152.887,0],"to":[0,3.7,0],"ti":[0,-6.3,0]},{"t":27.08349609375,"s":[375.933,190.687,0]}],"ix":2},"a":{"a":0,"k":[81.936,33.218,0],"ix":1},"s":{"a":1,"k":[{"i":{"x":[0.667,0.667,0.667],"y":[1,1,1]},"o":{"x":[0.333,0.333,0.333],"y":[0,0,0]},"t":0,"s":[120,120,100]},{"i":{"x":[0.667,0.667,0.667],"y":[1,1,1]},"o":{"x":[0.333,0.333,0.333],"y":[0,0,0]},"t":12.083,"s":[120,120,100]},{"i":{"x":[0.667,0.667,0.667],"y":[1,1,1]},"o":{"x":[0.333,0.333,0.333],"y":[0,0,0]},"t":15,"s":[120,120,100]},{"t":27.08349609375,"s":[120,120,100]}],"ix":6}},"ao":0,"shapes":[{"ty":"gr","it":[{"ind":0,"ty":"sh","ix":1,"ks":{"a":0,"k":{"i":[[3.807,0.899],[-14.592,3.385],[-14.062,4.123],[-12.934,6.347],[-5.937,4.222],[-5.178,5.849],[4.949,-6.315],[6.511,-4.659],[15.02,-4.408],[15.449,-0.938],[7.725,0.413],[3.849,0.477]],"o":[[15.063,-3.842],[14.578,-3.334],[14.047,-4.149],[6.492,-3.143],[5.93,-4.245],[-1.878,7.592],[-5.004,6.286],[-13.073,9.345],[-15.062,4.391],[-7.73,0.442],[-3.863,-0.222],[-3.846,-0.466]],"v":[[-81.686,29.613],[-37.298,19.271],[5.731,8.326],[46.465,-6.898],[65.104,-17.903],[81.686,-32.968],[70.92,-11.905],[53.386,4.537],[10.517,24.635],[-35.427,32.46],[-58.621,32.555],[-70.189,31.557]],"c":true},"ix":2},"nm":"Path 1","mn":"ADBE Vector Shape - Group","hd":false},{"ty":"mm","mm":4,"nm":"Merge Paths 1","mn":"ADBE Vector Filter - Merge","hd":false},{"ty":"fl","c":{"a":0,"k":[0.368999974868,0.128999986836,0.063000002094,1],"ix":4},"o":{"a":0,"k":100,"ix":5},"r":1,"bm":0,"nm":"Fill 1","mn":"ADBE Vector Graphic - Fill","hd":false},{"ty":"tr","p":{"a":0,"k":[81.936,33.218],"ix":2},"a":{"a":0,"k":[0,0],"ix":1},"s":{"a":0,"k":[100,100],"ix":3},"r":{"a":0,"k":0,"ix":6},"o":{"a":0,"k":100,"ix":7},"sk":{"a":0,"k":0,"ix":4},"sa":{"a":0,"k":0,"ix":5},"nm":"Transform"}],"nm":"Group 1","np":3,"cix":2,"bm":0,"ix":1,"mn":"ADBE Vector Group","hd":false}],"ip":0,"op":27.0833333333333,"st":0,"bm":0},{"ddd":0,"ind":2,"ty":4,"nm":"Chan May Phai","sr":1,"ks":{"o":{"a":0,"k":100,"ix":11},"r":{"a":1,"k":[{"i":{"x":[0.667],"y":[1]},"o":{"x":[0.333],"y":[0]},"t":0,"s":[0]},{"i":{"x":[0.667],"y":[1]},"o":{"x":[0.333],"y":[0]},"t":2.083,"s":[15]},{"i":{"x":[0.667],"y":[1]},"o":{"x":[0.333],"y":[0]},"t":3.75,"s":[0]},{"i":{"x":[0.667],"y":[1]},"o":{"x":[0.333],"y":[0]},"t":5.417,"s":[15]},{"i":{"x":[0.667],"y":[1]},"o":{"x":[0.333],"y":[0]},"t":7.083,"s":[0]},{"i":{"x":[0.667],"y":[1]},"o":{"x":[0.333],"y":[0]},"t":8.75,"s":[15]},{"i":{"x":[0.667],"y":[1]},"o":{"x":[0.333],"y":[0]},"t":12.083,"s":[0]},{"i":{"x":[0.667],"y":[1]},"o":{"x":[0.333],"y":[0]},"t":15,"s":[0]},{"i":{"x":[0.667],"y":[1]},"o":{"x":[0.333],"y":[0]},"t":17.083,"s":[15]},{"i":{"x":[0.667],"y":[1]},"o":{"x":[0.333],"y":[0]},"t":18.75,"s":[0]},{"i":{"x":[0.667],"y":[1]},"o":{"x":[0.333],"y":[0]},"t":20.417,"s":[15]},{"i":{"x":[0.667],"y":[1]},"o":{"x":[0.333],"y":[0]},"t":22.083,"s":[0]},{"i":{"x":[0.667],"y":[1]},"o":{"x":[0.333],"y":[0]},"t":23.75,"s":[15]},{"t":27.08349609375,"s":[0]}],"ix":10},"p":{"a":1,"k":[{"i":{"x":0.667,"y":1},"o":{"x":0.333,"y":0},"t":0,"s":[634.818,190.687,0],"to":[0,-6.3,0],"ti":[0,4,0]},{"i":{"x":0.667,"y":1},"o":{"x":0.333,"y":0},"t":2.083,"s":[634.818,152.887,0],"to":[0,-4,0],"ti":[0,0,0]},{"i":{"x":0.667,"y":1},"o":{"x":0.333,"y":0},"t":3.75,"s":[634.818,166.687,0],"to":[0,0,0],"ti":[0,0,0]},{"i":{"x":0.667,"y":1},"o":{"x":0.333,"y":0},"t":5.417,"s":[634.818,152.887,0],"to":[0,0,0],"ti":[0,0,0]},{"i":{"x":0.667,"y":1},"o":{"x":0.333,"y":0},"t":7.083,"s":[634.818,166.687,0],"to":[0,0,0],"ti":[0,-4,0]},{"i":{"x":0.667,"y":1},"o":{"x":0.333,"y":0},"t":8.75,"s":[634.818,152.887,0],"to":[0,4,0],"ti":[0,-6.3,0]},{"i":{"x":0.667,"y":0.667},"o":{"x":0.333,"y":0.333},"t":12.083,"s":[634.818,190.687,0],"to":[0,0,0],"ti":[0,0,0]},{"i":{"x":0.667,"y":1},"o":{"x":0.333,"y":0},"t":15,"s":[634.818,190.687,0],"to":[0,-6.3,0],"ti":[0,4,0]},{"i":{"x":0.667,"y":1},"o":{"x":0.333,"y":0},"t":17.083,"s":[634.818,152.887,0],"to":[0,-4,0],"ti":[0,0,0]},{"i":{"x":0.667,"y":1},"o":{"x":0.333,"y":0},"t":18.75,"s":[634.818,166.687,0],"to":[0,0,0],"ti":[0,0,0]},{"i":{"x":0.667,"y":1},"o":{"x":0.333,"y":0},"t":20.417,"s":[634.818,152.887,0],"to":[0,0,0],"ti":[0,0,0]},{"i":{"x":0.667,"y":1},"o":{"x":0.333,"y":0},"t":22.083,"s":[634.818,166.687,0],"to":[0,0,0],"ti":[0,-4,0]},{"i":{"x":0.667,"y":1},"o":{"x":0.333,"y":0},"t":23.75,"s":[634.818,152.887,0],"to":[0,4,0],"ti":[0,-6.3,0]},{"t":27.08349609375,"s":[634.818,190.687,0]}],"ix":2},"a":{"a":0,"k":[81.936,33.218,0],"ix":1},"s":{"a":1,"k":[{"i":{"x":[0.667,0.667,0.667],"y":[1,1,1]},"o":{"x":[0.333,0.333,0.333],"y":[0,0,0]},"t":0,"s":[120,120,100]},{"i":{"x":[0.667,0.667,0.667],"y":[1,1,1]},"o":{"x":[0.333,0.333,0.333],"y":[0,0,0]},"t":12.083,"s":[120,120,100]},{"i":{"x":[0.667,0.667,0.667],"y":[1,1,1]},"o":{"x":[0.333,0.333,0.333],"y":[0,0,0]},"t":15,"s":[120,120,100]},{"t":27.08349609375,"s":[120,120,100]}],"ix":6}},"ao":0,"shapes":[{"ty":"gr","it":[{"ind":0,"ty":"sh","ix":1,"ks":{"a":0,"k":{"i":[[-15.063,-3.842],[3.847,-0.466],[3.863,-0.222],[7.731,0.442],[15.062,4.391],[13.073,9.345],[5.003,6.286],[1.878,7.592],[-5.931,-4.245],[-6.494,-3.143],[-14.047,-4.149],[-14.578,-3.334]],"o":[[-3.808,0.899],[-3.849,0.477],[-7.725,0.413],[-15.448,-0.938],[-15.02,-4.408],[-6.511,-4.659],[-4.95,-6.315],[5.178,5.849],[5.937,4.222],[12.933,6.347],[14.063,4.123],[14.592,3.385]],"v":[[81.686,29.613],[70.189,31.557],[58.621,32.555],[35.427,32.46],[-10.517,24.635],[-53.386,4.537],[-70.919,-11.905],[-81.686,-32.968],[-65.104,-17.903],[-46.464,-6.898],[-5.731,8.326],[37.298,19.271]],"c":true},"ix":2},"nm":"Path 1","mn":"ADBE Vector Shape - Group","hd":false},{"ty":"mm","mm":4,"nm":"Merge Paths 1","mn":"ADBE Vector Filter - Merge","hd":false},{"ty":"fl","c":{"a":0,"k":[0.368999974868,0.128999986836,0.063000002094,1],"ix":4},"o":{"a":0,"k":100,"ix":5},"r":1,"bm":0,"nm":"Fill 1","mn":"ADBE Vector Graphic - Fill","hd":false},{"ty":"tr","p":{"a":0,"k":[81.936,33.218],"ix":2},"a":{"a":0,"k":[0,0],"ix":1},"s":{"a":0,"k":[100,100],"ix":3},"r":{"a":0,"k":0,"ix":6},"o":{"a":0,"k":100,"ix":7},"sk":{"a":0,"k":0,"ix":4},"sa":{"a":0,"k":0,"ix":5},"nm":"Transform"}],"nm":"Group 1","np":3,"cix":2,"bm":0,"ix":1,"mn":"ADBE Vector Group","hd":false}],"ip":0,"op":27.0833333333333,"st":0,"bm":0},{"ddd":0,"ind":3,"ty":4,"nm":"Mat Trai","sr":1,"ks":{"o":{"a":0,"k":100,"ix":11},"r":{"a":1,"k":[{"i":{"x":[0.667],"y":[1]},"o":{"x":[0.333],"y":[0]},"t":0,"s":[16]},{"i":{"x":[0.667],"y":[1]},"o":{"x":[0.333],"y":[0]},"t":2.083,"s":[0]},{"i":{"x":[0.667],"y":[1]},"o":{"x":[0.333],"y":[0]},"t":3.75,"s":[8]},{"i":{"x":[0.667],"y":[1]},"o":{"x":[0.333],"y":[0]},"t":5.417,"s":[0]},{"i":{"x":[0.667],"y":[1]},"o":{"x":[0.333],"y":[0]},"t":7.083,"s":[8]},{"i":{"x":[0.667],"y":[1]},"o":{"x":[0.333],"y":[0]},"t":8.75,"s":[0]},{"i":{"x":[0.667],"y":[1]},"o":{"x":[0.333],"y":[0]},"t":12.083,"s":[16]},{"i":{"x":[0.667],"y":[1]},"o":{"x":[0.333],"y":[0]},"t":15,"s":[16]},{"i":{"x":[0.667],"y":[1]},"o":{"x":[0.333],"y":[0]},"t":17.083,"s":[0]},{"i":{"x":[0.667],"y":[1]},"o":{"x":[0.333],"y":[0]},"t":18.75,"s":[8]},{"i":{"x":[0.667],"y":[1]},"o":{"x":[0.333],"y":[0]},"t":20.417,"s":[0]},{"i":{"x":[0.667],"y":[1]},"o":{"x":[0.333],"y":[0]},"t":22.083,"s":[8]},{"i":{"x":[0.667],"y":[1]},"o":{"x":[0.333],"y":[0]},"t":23.75,"s":[0]},{"t":27.08349609375,"s":[16]}],"ix":10},"p":{"a":1,"k":[{"i":{"x":0.667,"y":1},"o":{"x":0.333,"y":0},"t":0,"s":[349.801,346.36,0],"to":[0,-4.4,0],"ti":[0,1.8,0]},{"i":{"x":0.667,"y":1},"o":{"x":0.333,"y":0},"t":2.083,"s":[349.801,319.96,0],"to":[0,-1.8,0],"ti":[0,0,0]},{"i":{"x":0.667,"y":1},"o":{"x":0.333,"y":0},"t":3.75,"s":[349.801,335.56,0],"to":[0,0,0],"ti":[0,0,0]},{"i":{"x":0.667,"y":1},"o":{"x":0.333,"y":0},"t":5.417,"s":[349.801,319.96,0],"to":[0,0,0],"ti":[0,0,0]},{"i":{"x":0.667,"y":1},"o":{"x":0.333,"y":0},"t":7.083,"s":[349.801,335.56,0],"to":[0,0,0],"ti":[0,-1.8,0]},{"i":{"x":0.667,"y":1},"o":{"x":0.333,"y":0},"t":8.75,"s":[349.801,319.96,0],"to":[0,1.8,0],"ti":[0,-4.4,0]},{"i":{"x":0.667,"y":0.667},"o":{"x":0.333,"y":0.333},"t":12.083,"s":[349.801,346.36,0],"to":[0,0,0],"ti":[0,0,0]},{"i":{"x":0.667,"y":1},"o":{"x":0.333,"y":0},"t":15,"s":[349.801,346.36,0],"to":[0,-4.4,0],"ti":[0,1.8,0]},{"i":{"x":0.667,"y":1},"o":{"x":0.333,"y":0},"t":17.083,"s":[349.801,319.96,0],"to":[0,-1.8,0],"ti":[0,0,0]},{"i":{"x":0.667,"y":1},"o":{"x":0.333,"y":0},"t":18.75,"s":[349.801,335.56,0],"to":[0,0,0],"ti":[0,0,0]},{"i":{"x":0.667,"y":1},"o":{"x":0.333,"y":0},"t":20.417,"s":[349.801,319.96,0],"to":[0,0,0],"ti":[0,0,0]},{"i":{"x":0.667,"y":1},"o":{"x":0.333,"y":0},"t":22.083,"s":[349.801,335.56,0],"to":[0,0,0],"ti":[0,-1.8,0]},{"i":{"x":0.667,"y":1},"o":{"x":0.333,"y":0},"t":23.75,"s":[349.801,319.96,0],"to":[0,1.8,0],"ti":[0,-4.4,0]},{"t":27.08349609375,"s":[349.801,346.36,0]}],"ix":2},"a":{"a":0,"k":[178.947,35.172,0],"ix":1},"s":{"a":0,"k":[121.013,118.996,100],"ix":6}},"ao":0,"shapes":[{"ty":"gr","it":[{"ty":"gr","it":[{"ind":0,"ty":"sh","ix":1,"ks":{"a":0,"k":{"i":[[21.949,-8.575],[11.741,-29.46],[-5.413,5.816],[-43.722,15.956],[-26.103,-6.547],[5.962,4.782],[36.89,0]],"o":[[-49.767,19.443],[-2.941,7.382],[18,-19.347],[48.716,-17.778],[7.412,1.858],[-17.139,-13.747],[-17.57,0.001]],"v":[[-28.756,-44.939],[-114.755,43.654],[-102.811,51.105],[-11.444,-8.94],[105.53,-15.656],[111.735,-28.157],[30.541,-56.922]],"c":true},"ix":2},"nm":"Path 2","mn":"ADBE Vector Shape - Group","hd":false},{"ty":"tr","p":{"a":0,"k":[0,0],"ix":2},"a":{"a":0,"k":[0,0],"ix":1},"s":{"a":0,"k":[100,100],"ix":3},"r":{"a":0,"k":0,"ix":6},"o":{"a":0,"k":100,"ix":7},"sk":{"a":0,"k":0,"ix":4},"sa":{"a":0,"k":0,"ix":5},"nm":"Transform"}],"nm":"Group 1","np":1,"cix":2,"bm":0,"ix":1,"mn":"ADBE Vector Group","hd":false},{"ty":"mm","mm":4,"nm":"Merge Paths 1","mn":"ADBE Vector Filter - Merge","hd":false},{"ty":"gf","o":{"a":0,"k":100,"ix":10},"r":1,"bm":0,"g":{"p":3,"k":{"a":0,"k":[0,0.549,0.251,0.165,0.5,0.476,0.235,0.161,1,0.404,0.22,0.157],"ix":9}},"s":{"a":0,"k":[-10.422,-20.277],"ix":5},"e":{"a":0,"k":[100,0],"ix":6},"t":2,"h":{"a":0,"k":0,"ix":7},"a":{"a":0,"k":0,"ix":8},"nm":"Gradient Fill 1","mn":"ADBE Vector Graphic - G-Fill","hd":false},{"ty":"tr","p":{"a":0,"k":[117.946,57.172],"ix":2},"a":{"a":0,"k":[0,0],"ix":1},"s":{"a":0,"k":[100,100],"ix":3},"r":{"a":0,"k":0,"ix":6},"o":{"a":0,"k":100,"ix":7},"sk":{"a":0,"k":0,"ix":4},"sa":{"a":0,"k":0,"ix":5},"nm":"Transform"}],"nm":"Group 1","np":3,"cix":2,"bm":0,"ix":1,"mn":"ADBE Vector Group","hd":false}],"ip":0,"op":27.0833333333333,"st":0,"bm":0},{"ddd":0,"ind":4,"ty":4,"nm":"Mat Phai","sr":1,"ks":{"o":{"a":0,"k":100,"ix":11},"r":{"a":1,"k":[{"i":{"x":[0.667],"y":[1]},"o":{"x":[0.333],"y":[0]},"t":0,"s":[-16]},{"i":{"x":[0.667],"y":[1]},"o":{"x":[0.333],"y":[0]},"t":2.083,"s":[0]},{"i":{"x":[0.667],"y":[1]},"o":{"x":[0.333],"y":[0]},"t":3.75,"s":[-8]},{"i":{"x":[0.667],"y":[1]},"o":{"x":[0.333],"y":[0]},"t":5.417,"s":[0]},{"i":{"x":[0.667],"y":[1]},"o":{"x":[0.333],"y":[0]},"t":7.083,"s":[-8]},{"i":{"x":[0.667],"y":[1]},"o":{"x":[0.333],"y":[0]},"t":8.75,"s":[0]},{"i":{"x":[0.667],"y":[1]},"o":{"x":[0.333],"y":[0]},"t":12.083,"s":[-16]},{"i":{"x":[0.667],"y":[1]},"o":{"x":[0.333],"y":[0]},"t":15,"s":[-16]},{"i":{"x":[0.667],"y":[1]},"o":{"x":[0.333],"y":[0]},"t":17.083,"s":[0]},{"i":{"x":[0.667],"y":[1]},"o":{"x":[0.333],"y":[0]},"t":18.75,"s":[-8]},{"i":{"x":[0.667],"y":[1]},"o":{"x":[0.333],"y":[0]},"t":20.417,"s":[0]},{"i":{"x":[0.667],"y":[1]},"o":{"x":[0.333],"y":[0]},"t":22.083,"s":[-8]},{"i":{"x":[0.667],"y":[1]},"o":{"x":[0.333],"y":[0]},"t":23.75,"s":[0]},{"t":27.08349609375,"s":[-16]}],"ix":10},"p":{"a":1,"k":[{"i":{"x":0.667,"y":1},"o":{"x":0.333,"y":0},"t":0,"s":[661.878,329.56,0],"to":[0,-3,0],"ti":[0,2,0]},{"i":{"x":0.667,"y":1},"o":{"x":0.333,"y":0},"t":2.083,"s":[661.878,311.56,0],"to":[0,-2,0],"ti":[0,0,0]},{"i":{"x":0.667,"y":1},"o":{"x":0.333,"y":0},"t":3.75,"s":[661.878,317.56,0],"to":[0,0,0],"ti":[0,0,0]},{"i":{"x":0.667,"y":1},"o":{"x":0.333,"y":0},"t":5.417,"s":[661.878,311.56,0],"to":[0,0,0],"ti":[0,0,0]},{"i":{"x":0.667,"y":1},"o":{"x":0.333,"y":0},"t":7.083,"s":[661.878,317.56,0],"to":[0,0,0],"ti":[0,-2,0]},{"i":{"x":0.667,"y":1},"o":{"x":0.333,"y":0},"t":8.75,"s":[661.878,311.56,0],"to":[0,2,0],"ti":[0,-3,0]},{"i":{"x":0.667,"y":0.667},"o":{"x":0.333,"y":0.333},"t":12.083,"s":[661.878,329.56,0],"to":[0,0,0],"ti":[0,0,0]},{"i":{"x":0.667,"y":1},"o":{"x":0.333,"y":0},"t":15,"s":[661.878,329.56,0],"to":[0,-3,0],"ti":[0,2,0]},{"i":{"x":0.667,"y":1},"o":{"x":0.333,"y":0},"t":17.083,"s":[661.878,311.56,0],"to":[0,-2,0],"ti":[0,0,0]},{"i":{"x":0.667,"y":1},"o":{"x":0.333,"y":0},"t":18.75,"s":[661.878,317.56,0],"to":[0,0,0],"ti":[0,0,0]},{"i":{"x":0.667,"y":1},"o":{"x":0.333,"y":0},"t":20.417,"s":[661.878,311.56,0],"to":[0,0,0],"ti":[0,0,0]},{"i":{"x":0.667,"y":1},"o":{"x":0.333,"y":0},"t":22.083,"s":[661.878,317.56,0],"to":[0,0,0],"ti":[0,-2,0]},{"i":{"x":0.667,"y":1},"o":{"x":0.333,"y":0},"t":23.75,"s":[661.878,311.56,0],"to":[0,2,0],"ti":[0,-3,0]},{"t":27.08349609375,"s":[661.878,329.56,0]}],"ix":2},"a":{"a":0,"k":[57.947,26.172,0],"ix":1},"s":{"a":0,"k":[121.013,118.996,100],"ix":6}},"ao":0,"shapes":[{"ty":"gr","it":[{"ty":"gr","it":[{"ind":0,"ty":"sh","ix":1,"ks":{"a":0,"k":{"i":[[17.14,-13.747],[-7.414,1.858],[-48.715,-17.778],[-17.999,-19.347],[2.941,7.382],[49.767,19.443],[17.571,0.001]],"o":[[-5.962,4.782],[26.101,-6.547],[43.723,15.956],[5.413,5.816],[-11.741,-29.46],[-21.949,-8.575],[-36.889,0]],"v":[[-111.735,-28.157],[-105.528,-15.656],[11.444,-8.94],[102.811,51.105],[114.756,43.654],[28.757,-44.939],[-30.541,-56.922]],"c":true},"ix":2},"nm":"Path 2","mn":"ADBE Vector Shape - Group","hd":false},{"ty":"tr","p":{"a":0,"k":[0,0],"ix":2},"a":{"a":0,"k":[0,0],"ix":1},"s":{"a":0,"k":[100,100],"ix":3},"r":{"a":0,"k":0,"ix":6},"o":{"a":0,"k":100,"ix":7},"sk":{"a":0,"k":0,"ix":4},"sa":{"a":0,"k":0,"ix":5},"nm":"Transform"}],"nm":"Group 1","np":1,"cix":2,"bm":0,"ix":1,"mn":"ADBE Vector Group","hd":false},{"ty":"mm","mm":4,"nm":"Merge Paths 1","mn":"ADBE Vector Filter - Merge","hd":false},{"ty":"gf","o":{"a":0,"k":100,"ix":10},"r":1,"bm":0,"g":{"p":3,"k":{"a":0,"k":[0,0.549,0.251,0.165,0.5,0.475,0.231,0.171,1,0.4,0.212,0.176],"ix":9}},"s":{"a":0,"k":[15.844,-17.625],"ix":5},"e":{"a":0,"k":[99.695,16.121],"ix":6},"t":2,"h":{"a":0,"k":0,"ix":7},"a":{"a":0,"k":0,"ix":8},"nm":"Gradient Fill 1","mn":"ADBE Vector Graphic - G-Fill","hd":false},{"ty":"tr","p":{"a":0,"k":[117.947,57.172],"ix":2},"a":{"a":0,"k":[0,0],"ix":1},"s":{"a":0,"k":[100,100],"ix":3},"r":{"a":0,"k":0,"ix":6},"o":{"a":0,"k":100,"ix":7},"sk":{"a":0,"k":0,"ix":4},"sa":{"a":0,"k":0,"ix":5},"nm":"Transform"}],"nm":"Group 1","np":3,"cix":2,"bm":0,"ix":1,"mn":"ADBE Vector Group","hd":false}],"ip":0,"op":27.0833333333333,"st":0,"bm":0},{"ddd":0,"ind":5,"ty":4,"nm":"Moi Duoi","sr":1,"ks":{"o":{"a":0,"k":100,"ix":11},"r":{"a":0,"k":0,"ix":10},"p":{"a":1,"k":[{"i":{"x":0.667,"y":1},"o":{"x":0.333,"y":0},"t":0,"s":[505.275,511.263,0],"to":[0,-6.5,0],"ti":[0,5.4,0]},{"i":{"x":0.667,"y":1},"o":{"x":0.167,"y":0},"t":2.083,"s":[505.275,472.263,0],"to":[0,-5.4,0],"ti":[0,0,0]},{"i":{"x":0.667,"y":1},"o":{"x":0.167,"y":0},"t":3.75,"s":[505.275,478.863,0],"to":[0,0,0],"ti":[0,0,0]},{"i":{"x":0.667,"y":1},"o":{"x":0.167,"y":0},"t":5.417,"s":[505.275,472.263,0],"to":[0,0,0],"ti":[0,0,0]},{"i":{"x":0.667,"y":1},"o":{"x":0.167,"y":0},"t":7.083,"s":[505.275,478.863,0],"to":[0,0,0],"ti":[0,-5.4,0]},{"i":{"x":0.667,"y":1},"o":{"x":0.167,"y":0},"t":8.75,"s":[505.275,472.263,0],"to":[0,5.4,0],"ti":[0,-6.5,0]},{"i":{"x":0.667,"y":0.667},"o":{"x":0.167,"y":0.167},"t":12.083,"s":[505.275,511.263,0],"to":[0,0,0],"ti":[0,0,0]},{"i":{"x":0.667,"y":1},"o":{"x":0.333,"y":0},"t":15,"s":[505.275,511.263,0],"to":[0,-6.5,0],"ti":[0,5.4,0]},{"i":{"x":0.667,"y":1},"o":{"x":0.167,"y":0},"t":17.083,"s":[505.275,472.263,0],"to":[0,-5.4,0],"ti":[0,0,0]},{"i":{"x":0.667,"y":1},"o":{"x":0.167,"y":0},"t":18.75,"s":[505.275,478.863,0],"to":[0,0,0],"ti":[0,0,0]},{"i":{"x":0.667,"y":1},"o":{"x":0.167,"y":0},"t":20.417,"s":[505.275,472.263,0],"to":[0,0,0],"ti":[0,0,0]},{"i":{"x":0.667,"y":1},"o":{"x":0.167,"y":0},"t":22.083,"s":[505.275,478.863,0],"to":[0,0,0],"ti":[0,-5.4,0]},{"i":{"x":0.667,"y":1},"o":{"x":0.167,"y":0},"t":23.75,"s":[505.275,472.263,0],"to":[0,5.4,0],"ti":[0,-6.5,0]},{"t":27.08349609375,"s":[505.275,511.263,0]}],"ix":2},"a":{"a":0,"k":[32.91,10.351,0],"ix":1},"s":{"a":1,"k":[{"i":{"x":[0.667,0.667,0.667],"y":[1,1,1]},"o":{"x":[0.333,0.333,0.333],"y":[0,0,0]},"t":0,"s":[120,120,100]},{"i":{"x":[0.833,0.833,0.833],"y":[1,1,1]},"o":{"x":[0.167,0.167,0.167],"y":[0,0,0]},"t":2.083,"s":[100.8,120,100]},{"i":{"x":[0.667,0.667,0.667],"y":[1,1,1]},"o":{"x":[0.167,0.167,0.167],"y":[0,0,0]},"t":3.75,"s":[108,120,100]},{"i":{"x":[0.833,0.833,0.833],"y":[1,1,1]},"o":{"x":[0.167,0.167,0.167],"y":[0,0,0]},"t":5.417,"s":[100.8,120,100]},{"i":{"x":[0.667,0.667,0.667],"y":[1,1,1]},"o":{"x":[0.167,0.167,0.167],"y":[0,0,0]},"t":7.083,"s":[108,120,100]},{"i":{"x":[0.667,0.667,0.667],"y":[1,1,1]},"o":{"x":[0.167,0.167,0.167],"y":[0,0,0]},"t":8.75,"s":[100.8,120,100]},{"i":{"x":[0.667,0.667,0.667],"y":[1,1,1]},"o":{"x":[0.167,0.167,0.167],"y":[0,0,0]},"t":12.083,"s":[120,120,100]},{"i":{"x":[0.667,0.667,0.667],"y":[1,1,1]},"o":{"x":[0.333,0.333,0.333],"y":[0,0,0]},"t":15,"s":[120,120,100]},{"i":{"x":[0.833,0.833,0.833],"y":[1,1,1]},"o":{"x":[0.167,0.167,0.167],"y":[0,0,0]},"t":17.083,"s":[100.8,120,100]},{"i":{"x":[0.667,0.667,0.667],"y":[1,1,1]},"o":{"x":[0.167,0.167,0.167],"y":[0,0,0]},"t":18.75,"s":[108,120,100]},{"i":{"x":[0.833,0.833,0.833],"y":[1,1,1]},"o":{"x":[0.167,0.167,0.167],"y":[0,0,0]},"t":20.417,"s":[100.8,120,100]},{"i":{"x":[0.667,0.667,0.667],"y":[1,1,1]},"o":{"x":[0.167,0.167,0.167],"y":[0,0,0]},"t":22.083,"s":[108,120,100]},{"i":{"x":[0.667,0.667,0.667],"y":[1,1,1]},"o":{"x":[0.167,0.167,0.167],"y":[0,0,0]},"t":23.75,"s":[100.8,120,100]},{"t":27.08349609375,"s":[120,120,100]}],"ix":6}},"ao":0,"shapes":[{"ty":"gr","it":[{"ind":0,"ty":"sh","ix":1,"ks":{"a":0,"k":{"i":[[0.41,0],[0.55,1.691],[-2.1,0.684],[-22.362,-12.115],[1.052,-1.942],[1.942,1.053],[0.334,-0.11]],"o":[[-1.686,0],[-0.683,-2.1],[1.503,-0.488],[1.943,1.052],[-1.051,1.943],[-19.377,-10.498],[-0.411,0.134]],"v":[[-28.173,9.532],[-31.976,6.768],[-29.411,1.727],[29.995,2.014],[31.607,7.436],[26.186,9.048],[-26.934,9.335]],"c":true},"ix":2},"nm":"Path 1","mn":"ADBE Vector Shape - Group","hd":false},{"ty":"mm","mm":4,"nm":"Merge Paths 1","mn":"ADBE Vector Filter - Merge","hd":false},{"ty":"fl","c":{"a":0,"k":[0.62400004069,0.313999998803,0.141000007181,1],"ix":4},"o":{"a":0,"k":100,"ix":5},"r":1,"bm":0,"nm":"Fill 1","mn":"ADBE Vector Graphic - Fill","hd":false},{"ty":"tr","p":{"a":0,"k":[32.909,10.351],"ix":2},"a":{"a":0,"k":[0,0],"ix":1},"s":{"a":0,"k":[100,100],"ix":3},"r":{"a":0,"k":0,"ix":6},"o":{"a":0,"k":100,"ix":7},"sk":{"a":0,"k":0,"ix":4},"sa":{"a":0,"k":0,"ix":5},"nm":"Transform"}],"nm":"Group 1","np":3,"cix":2,"bm":0,"ix":1,"mn":"ADBE Vector Group","hd":false}],"ip":0,"op":27.0833333333333,"st":0,"bm":0},{"ddd":0,"ind":6,"ty":4,"nm":"Mieng","sr":1,"ks":{"o":{"a":0,"k":100,"ix":11},"r":{"a":0,"k":0,"ix":10},"p":{"a":1,"k":[{"i":{"x":0.667,"y":1},"o":{"x":0.333,"y":0},"t":0,"s":[505.231,509.022,0],"to":[-0.4,-13.4,0],"ti":[0.4,9.2,0]},{"i":{"x":0.667,"y":1},"o":{"x":0.167,"y":0},"t":2.083,"s":[502.831,428.622,0],"to":[-0.4,-9.2,0],"ti":[0,0,0]},{"i":{"x":0.667,"y":1},"o":{"x":0.167,"y":0},"t":3.75,"s":[502.831,453.822,0],"to":[0,0,0],"ti":[0,0,0]},{"i":{"x":0.667,"y":1},"o":{"x":0.167,"y":0},"t":5.417,"s":[502.831,428.622,0],"to":[0,0,0],"ti":[0,0,0]},{"i":{"x":0.667,"y":1},"o":{"x":0.167,"y":0},"t":7.083,"s":[502.831,453.822,0],"to":[0,0,0],"ti":[-0.4,-9.2,0]},{"i":{"x":0.667,"y":1},"o":{"x":0.167,"y":0},"t":8.75,"s":[502.831,428.622,0],"to":[0.4,9.2,0],"ti":[-0.4,-13.4,0]},{"i":{"x":0.667,"y":0.667},"o":{"x":0.167,"y":0.167},"t":12.083,"s":[505.231,509.022,0],"to":[0,0,0],"ti":[0,0,0]},{"i":{"x":0.667,"y":1},"o":{"x":0.333,"y":0},"t":15,"s":[505.231,509.022,0],"to":[-0.4,-13.4,0],"ti":[0.4,9.2,0]},{"i":{"x":0.667,"y":1},"o":{"x":0.167,"y":0},"t":17.083,"s":[502.831,428.622,0],"to":[-0.4,-9.2,0],"ti":[0,0,0]},{"i":{"x":0.667,"y":1},"o":{"x":0.167,"y":0},"t":18.75,"s":[502.831,453.822,0],"to":[0,0,0],"ti":[0,0,0]},{"i":{"x":0.667,"y":1},"o":{"x":0.167,"y":0},"t":20.417,"s":[502.831,428.622,0],"to":[0,0,0],"ti":[0,0,0]},{"i":{"x":0.667,"y":1},"o":{"x":0.167,"y":0},"t":22.083,"s":[502.831,453.822,0],"to":[0,0,0],"ti":[-0.4,-9.2,0]},{"i":{"x":0.667,"y":1},"o":{"x":0.167,"y":0},"t":23.75,"s":[502.831,428.622,0],"to":[0.4,9.2,0],"ti":[-0.4,-13.4,0]},{"t":27.08349609375,"s":[505.231,509.022,0]}],"ix":2},"a":{"a":0,"k":[90.742,55.785,0],"ix":1},"s":{"a":1,"k":[{"i":{"x":[0.667,0.667,0.667],"y":[1,1,1]},"o":{"x":[0.333,0.333,0.333],"y":[0,0,0]},"t":0,"s":[120,120,100]},{"i":{"x":[0.833,0.833,0.833],"y":[1,1,1]},"o":{"x":[0.167,0.167,0.167],"y":[0,0,0]},"t":2.083,"s":[92.4,105.6,100]},{"i":{"x":[0.667,0.667,0.667],"y":[1,1,1]},"o":{"x":[0.167,0.167,0.167],"y":[0,0,0]},"t":3.75,"s":[112.8,105.6,100]},{"i":{"x":[0.833,0.833,0.833],"y":[1,1,1]},"o":{"x":[0.167,0.167,0.167],"y":[0,0,0]},"t":5.417,"s":[92.4,105.6,100]},{"i":{"x":[0.667,0.667,0.667],"y":[1,1,1]},"o":{"x":[0.167,0.167,0.167],"y":[0,0,0]},"t":7.083,"s":[112.8,105.6,100]},{"i":{"x":[0.667,0.667,0.667],"y":[1,1,1]},"o":{"x":[0.167,0.167,0.167],"y":[0,0,0]},"t":8.75,"s":[92.4,105.6,100]},{"i":{"x":[0.667,0.667,0.667],"y":[1,1,1]},"o":{"x":[0.167,0.167,0.167],"y":[0,0,0]},"t":12.083,"s":[120,120,100]},{"i":{"x":[0.667,0.667,0.667],"y":[1,1,1]},"o":{"x":[0.333,0.333,0.333],"y":[0,0,0]},"t":15,"s":[120,120,100]},{"i":{"x":[0.833,0.833,0.833],"y":[1,1,1]},"o":{"x":[0.167,0.167,0.167],"y":[0,0,0]},"t":17.083,"s":[92.4,105.6,100]},{"i":{"x":[0.667,0.667,0.667],"y":[1,1,1]},"o":{"x":[0.167,0.167,0.167],"y":[0,0,0]},"t":18.75,"s":[112.8,105.6,100]},{"i":{"x":[0.833,0.833,0.833],"y":[1,1,1]},"o":{"x":[0.167,0.167,0.167],"y":[0,0,0]},"t":20.417,"s":[92.4,105.6,100]},{"i":{"x":[0.667,0.667,0.667],"y":[1,1,1]},"o":{"x":[0.167,0.167,0.167],"y":[0,0,0]},"t":22.083,"s":[112.8,105.6,100]},{"i":{"x":[0.667,0.667,0.667],"y":[1,1,1]},"o":{"x":[0.167,0.167,0.167],"y":[0,0,0]},"t":23.75,"s":[92.4,105.6,100]},{"t":27.08349609375,"s":[120,120,100]}],"ix":6}},"ao":0,"shapes":[{"ty":"gr","it":[{"ind":0,"ty":"sh","ix":1,"ks":{"a":0,"k":{"i":[[-24.034,0],[-6.81,-9.983],[-0.02,-0.398],[-2.944,0],[0,0],[0,0],[0.116,2.945],[9.988,14.657],[33.343,0],[9.648,-4.558],[-0.533,-23.423],[-2.964,0],[-0.989,1.026],[0.039,1.443],[-13.844,6.506]],"o":[[8.282,0],[10.82,15.828],[0.098,2.934],[0,0],[0,0],[2.983,-0.107],[-0.571,-18.938],[-6.442,-9.42],[-24.625,0],[-18.542,8.713],[0.078,2.964],[1.579,-0.028],[1.007,-1.046],[-0.291,-12.709],[9.425,-4.445]],"v":[[0.33,-29.003],[57.057,-18.516],[69.417,38.057],[74.812,43.277],[75.114,46.852],[74.997,43.277],[80.209,37.717],[66.007,-31.788],[2.48,-46.852],[-57.705,-38.844],[-79.792,35.257],[-74.377,40.546],[-70.463,38.88],[-68.963,35.005],[-53.114,-21.912]],"c":true},"ix":2},"nm":"Path 1","mn":"ADBE Vector Shape - Group","hd":false},{"ty":"mm","mm":4,"nm":"Merge Paths 1","mn":"ADBE Vector Filter - Merge","hd":false},{"ty":"fl","c":{"a":0,"k":[0.497999991623,0.211999990426,0.176000004189,1],"ix":4},"o":{"a":0,"k":100,"ix":5},"r":1,"bm":0,"nm":"Fill 1","mn":"ADBE Vector Graphic - Fill","hd":false},{"ty":"tr","p":{"a":0,"k":[90.55,52.571],"ix":2},"a":{"a":0,"k":[0,0],"ix":1},"s":{"a":0,"k":[100,100],"ix":3},"r":{"a":0,"k":0,"ix":6},"o":{"a":0,"k":100,"ix":7},"sk":{"a":0,"k":0,"ix":4},"sa":{"a":0,"k":0,"ix":5},"nm":"Transform"}],"nm":"Group 1","np":3,"cix":2,"bm":0,"ix":1,"mn":"ADBE Vector Group","hd":false},{"ty":"gr","it":[{"ind":0,"ty":"sh","ix":1,"ks":{"a":0,"k":{"i":[[0.087,0],[0,0],[0.282,8.738],[6.346,9.271],[27.985,0],[7.826,-3.681],[-0.552,-23.947],[2.993,-3.109],[4.311,-0.098],[0.203,8.834],[-28.354,13.334],[-26.871,0],[-11.713,-17.18],[-0.272,-9.008],[8.883,-0.32]],"o":[[0,0],[-8.775,0],[-0.542,-15.518],[-2.596,-2.126],[-21.873,0],[-4.205,1.962],[0.078,4.31],[-2.973,3.119],[-9.182,0],[-0.271,-11.713],[11.257,-5.309],[22,0],[13.755,20.111],[0.329,8.844],[-0.097,0.01]],"v":[[79.28,50.678],[78.979,50.678],[62.86,35.072],[52.369,-15.8],[4.496,-21.603],[-44.365,-15.534],[-54.043,31.43],[-58.538,42.947],[-69.853,47.937],[-86.34,32.176],[-58.112,-51.884],[6.646,-60.893],[79.01,-41.146],[95.09,34.025],[79.542,50.668]],"c":true},"ix":2},"nm":"Path 5","mn":"ADBE Vector Shape - Group","hd":false},{"ty":"mm","mm":1,"nm":"Merge Paths 1","mn":"ADBE Vector Filter - Merge","hd":false},{"ty":"gf","o":{"a":0,"k":100,"ix":10},"r":1,"bm":0,"g":{"p":3,"k":{"a":0,"k":[0,0.969,0.6,0.251,0.5,0.984,0.8,0.625,1,1,1,1,0,1,0.368,0.5,1,0],"ix":9}},"s":{"a":0,"k":[6.477,49.918],"ix":5},"e":{"a":0,"k":[6.504,-82.574],"ix":6},"t":1,"nm":"Gradient Fill 1","mn":"ADBE Vector Graphic - G-Fill","hd":false},{"ty":"tr","p":{"a":0,"k":[86.383,60.893],"ix":2},"a":{"a":0,"k":[0,0],"ix":1},"s":{"a":0,"k":[100,100],"ix":3},"r":{"a":0,"k":0,"ix":6},"o":{"a":0,"k":100,"ix":7},"sk":{"a":0,"k":0,"ix":4},"sa":{"a":0,"k":0,"ix":5},"nm":"Transform"}],"nm":"Group 2","np":3,"cix":2,"bm":0,"ix":2,"mn":"ADBE Vector Group","hd":false}],"ip":0,"op":27.0833333333333,"st":0,"bm":0},{"ddd":0,"ind":7,"ty":4,"nm":"Face 5","td":1,"sr":1,"ks":{"o":{"a":0,"k":100,"ix":11},"r":{"a":0,"k":0,"ix":10},"p":{"a":0,"k":[500,500,0],"ix":2},"a":{"a":0,"k":[500,500,0],"ix":1},"s":{"a":0,"k":[120,120,100],"ix":6}},"ao":0,"shapes":[{"ty":"gr","it":[{"ty":"gr","it":[{"ind":0,"ty":"sh","ix":1,"ks":{"a":0,"k":{"i":[[0,-208.134],[-208.134,0],[0,208.128],[208.128,0]],"o":[[0,208.128],[208.128,0],[0,-208.134],[-208.134,0]],"v":[[-376.855,0],[0,376.855],[376.855,0],[0,-376.855]],"c":true},"ix":2},"nm":"Path 2","mn":"ADBE Vector Shape - Group","hd":false},{"ty":"tr","p":{"a":0,"k":[0,0],"ix":2},"a":{"a":0,"k":[0,0],"ix":1},"s":{"a":0,"k":[100,100],"ix":3},"r":{"a":0,"k":0,"ix":6},"o":{"a":0,"k":100,"ix":7},"sk":{"a":0,"k":0,"ix":4},"sa":{"a":0,"k":0,"ix":5},"nm":"Transform"}],"nm":"Group 1","np":1,"cix":2,"bm":0,"ix":1,"mn":"ADBE Vector Group","hd":false},{"ty":"mm","mm":4,"nm":"Merge Paths 1","mn":"ADBE Vector Filter - Merge","hd":false},{"ty":"gf","o":{"a":0,"k":100,"ix":10},"r":1,"bm":0,"g":{"p":7,"k":{"a":0,"k":[0,1,1,0.651,0.063,1,0.988,0.596,0.126,1,0.976,0.541,0.485,0.961,0.784,0.286,0.844,0.922,0.592,0.031,0.922,0.951,0.553,0.031,1,0.98,0.514,0.031],"ix":9}},"s":{"a":0,"k":[142.273,-155.805],"ix":5},"e":{"a":0,"k":[-277.203,255.742],"ix":6},"t":2,"h":{"a":0,"k":0,"ix":7},"a":{"a":0,"k":0,"ix":8},"nm":"Gradient Fill 1","mn":"ADBE Vector Graphic - G-Fill","hd":false},{"ty":"tr","p":{"a":0,"k":[500.494,499.751],"ix":2},"a":{"a":0,"k":[0,0],"ix":1},"s":{"a":0,"k":[100,100],"ix":3},"r":{"a":0,"k":0,"ix":6},"o":{"a":0,"k":100,"ix":7},"sk":{"a":0,"k":0,"ix":4},"sa":{"a":0,"k":0,"ix":5},"nm":"Transform"}],"nm":"Group 1","np":3,"cix":2,"bm":0,"ix":1,"mn":"ADBE Vector Group","hd":false}],"ip":0,"op":27.0833333333333,"st":0,"bm":0},{"ddd":0,"ind":8,"ty":0,"nm":"Nuoc Mat- Toi gian","tt":1,"refId":"comp_0","sr":1,"ks":{"o":{"a":0,"k":100,"ix":11},"r":{"a":0,"k":0,"ix":10},"p":{"a":0,"k":[500,498.751,0],"ix":2},"a":{"a":0,"k":[500,500,0],"ix":1},"s":{"a":0,"k":[120,120,100],"ix":6}},"ao":0,"w":1000,"h":1000,"ip":0,"op":32.5,"st":0,"bm":0},{"ddd":0,"ind":9,"ty":4,"nm":"Face 4","td":1,"sr":1,"ks":{"o":{"a":0,"k":100,"ix":11},"r":{"a":0,"k":0,"ix":10},"p":{"a":0,"k":[500,500,0],"ix":2},"a":{"a":0,"k":[500,500,0],"ix":1},"s":{"a":0,"k":[120,120,100],"ix":6}},"ao":0,"shapes":[{"ty":"gr","it":[{"ty":"gr","it":[{"ind":0,"ty":"sh","ix":1,"ks":{"a":0,"k":{"i":[[0,-208.134],[-208.134,0],[0,208.128],[208.128,0]],"o":[[0,208.128],[208.128,0],[0,-208.134],[-208.134,0]],"v":[[-376.855,0],[0,376.855],[376.855,0],[0,-376.855]],"c":true},"ix":2},"nm":"Path 2","mn":"ADBE Vector Shape - Group","hd":false},{"ty":"tr","p":{"a":0,"k":[0,0],"ix":2},"a":{"a":0,"k":[0,0],"ix":1},"s":{"a":0,"k":[100,100],"ix":3},"r":{"a":0,"k":0,"ix":6},"o":{"a":0,"k":100,"ix":7},"sk":{"a":0,"k":0,"ix":4},"sa":{"a":0,"k":0,"ix":5},"nm":"Transform"}],"nm":"Group 1","np":1,"cix":2,"bm":0,"ix":1,"mn":"ADBE Vector Group","hd":false},{"ty":"mm","mm":4,"nm":"Merge Paths 1","mn":"ADBE Vector Filter - Merge","hd":false},{"ty":"gf","o":{"a":0,"k":100,"ix":10},"r":1,"bm":0,"g":{"p":7,"k":{"a":0,"k":[0,1,1,0.651,0.063,1,0.988,0.596,0.126,1,0.976,0.541,0.485,0.961,0.784,0.286,0.844,0.922,0.592,0.031,0.922,0.951,0.553,0.031,1,0.98,0.514,0.031],"ix":9}},"s":{"a":0,"k":[142.273,-155.805],"ix":5},"e":{"a":0,"k":[-277.203,255.742],"ix":6},"t":2,"h":{"a":0,"k":0,"ix":7},"a":{"a":0,"k":0,"ix":8},"nm":"Gradient Fill 1","mn":"ADBE Vector Graphic - G-Fill","hd":false},{"ty":"tr","p":{"a":0,"k":[500.494,499.751],"ix":2},"a":{"a":0,"k":[0,0],"ix":1},"s":{"a":0,"k":[100,100],"ix":3},"r":{"a":0,"k":0,"ix":6},"o":{"a":0,"k":100,"ix":7},"sk":{"a":0,"k":0,"ix":4},"sa":{"a":0,"k":0,"ix":5},"nm":"Transform"}],"nm":"Group 1","np":3,"cix":2,"bm":0,"ix":1,"mn":"ADBE Vector Group","hd":false}],"ip":0,"op":27.0833333333333,"st":0,"bm":0},{"ddd":0,"ind":10,"ty":4,"nm":"Dong nuoc mat","tt":1,"sr":1,"ks":{"o":{"a":0,"k":100,"ix":11},"r":{"a":0,"k":0,"ix":10},"p":{"a":0,"k":[505.231,640.179,0],"ix":2},"a":{"a":0,"k":[422.035,272.689,0],"ix":1},"s":{"a":0,"k":[120,120,100],"ix":6}},"ao":0,"shapes":[{"ty":"gr","it":[{"ty":"gr","it":[{"ind":0,"ty":"sh","ix":1,"ks":{"a":0,"k":{"i":[[-23.736,198.778],[17.176,79.325],[12.685,33.564],[0,0],[-46.551,-19.179],[-9.286,-19.726],[23.427,-170.851]],"o":[[2.913,-50.011],[-13.473,-62.09],[-9.225,-24.398],[0,0],[0,0],[25.552,54.623],[-12.148,214.321]],"v":[[210.877,179.033],[199.831,-56.637],[155.829,-205.153],[128.979,-270.295],[276.729,-242.782],[292.692,-212.557],[339.789,138.49]],"c":true},"ix":2},"nm":"Path 4","mn":"ADBE Vector Shape - Group","hd":false},{"ty":"tr","p":{"a":0,"k":[0,0],"ix":2},"a":{"a":0,"k":[0,0],"ix":1},"s":{"a":0,"k":[100,100],"ix":3},"r":{"a":0,"k":0,"ix":6},"o":{"a":0,"k":100,"ix":7},"sk":{"a":0,"k":0,"ix":4},"sa":{"a":0,"k":0,"ix":5},"nm":"Transform"}],"nm":"Group 1","np":1,"cix":2,"bm":0,"ix":1,"mn":"ADBE Vector Group","hd":false},{"ty":"mm","mm":4,"nm":"Merge Paths 1","mn":"ADBE Vector Filter - Merge","hd":false},{"ty":"gf","o":{"a":0,"k":100,"ix":10},"r":1,"bm":0,"g":{"p":3,"k":{"a":0,"k":[0,0.306,0.804,0.945,0.5,0.175,0.563,0.859,1,0.043,0.322,0.773],"ix":9}},"s":{"a":0,"k":[5.766,-230.016],"ix":5},"e":{"a":0,"k":[3.086,170.031],"ix":6},"t":1,"nm":"Gradient Fill 1","mn":"ADBE Vector Graphic - G-Fill","hd":false},{"ty":"tr","p":{"a":0,"k":[422.035,272.689],"ix":2},"a":{"a":0,"k":[0,0],"ix":1},"s":{"a":0,"k":[100,100],"ix":3},"r":{"a":0,"k":0,"ix":6},"o":{"a":0,"k":100,"ix":7},"sk":{"a":0,"k":0,"ix":4},"sa":{"a":0,"k":0,"ix":5},"nm":"Transform"}],"nm":"Phai","np":3,"cix":2,"bm":0,"ix":1,"mn":"ADBE Vector Group","hd":false},{"ty":"gr","it":[{"ty":"gr","it":[{"ind":0,"ty":"sh","ix":1,"ks":{"a":0,"k":{"i":[[8.43,210.261],[-25.916,57.901],[-1.942,3.945],[0,0],[-6.798,1.336],[-16.039,5.067],[0,0],[8.801,-23.245],[1.397,-3.763],[12.322,-56.87],[-2.914,-50.072]],"o":[[-22.457,-163.87],[2.185,-4.916],[7.707,-15.78],[5.766,-2.367],[15.537,-3.095],[37.756,-11.928],[0,0],[-1.275,3.399],[-12.38,33.684],[-17.175,79.325],[19.518,203.778]],"v":[[-339.789,138.55],[-295.908,-205.396],[-289.717,-218.687],[-276.729,-242.782],[-257.792,-248.245],[-207.782,-251.401],[-127.693,-272.439],[-155.1,-207.095],[-159.107,-196.352],[-199.832,-56.637],[-210.877,179.033]],"c":true},"ix":2},"nm":"Path 4","mn":"ADBE Vector Shape - Group","hd":false},{"ty":"tr","p":{"a":0,"k":[0,0],"ix":2},"a":{"a":0,"k":[0,0],"ix":1},"s":{"a":0,"k":[100,100],"ix":3},"r":{"a":0,"k":0,"ix":6},"o":{"a":0,"k":100,"ix":7},"sk":{"a":0,"k":0,"ix":4},"sa":{"a":0,"k":0,"ix":5},"nm":"Transform"}],"nm":"Group 1","np":1,"cix":2,"bm":0,"ix":1,"mn":"ADBE Vector Group","hd":false},{"ty":"mm","mm":4,"nm":"Merge Paths 1","mn":"ADBE Vector Filter - Merge","hd":false},{"ty":"gf","o":{"a":0,"k":100,"ix":10},"r":1,"bm":0,"g":{"p":3,"k":{"a":0,"k":[0,0.306,0.804,0.945,0.5,0.174,0.563,0.859,1,0.042,0.322,0.773],"ix":9}},"s":{"a":0,"k":[7.766,-234.016],"ix":5},"e":{"a":0,"k":[3.086,104.031],"ix":6},"t":1,"nm":"Gradient Fill 1","mn":"ADBE Vector Graphic - G-Fill","hd":false},{"ty":"tr","p":{"a":0,"k":[422.035,272.689],"ix":2},"a":{"a":0,"k":[0,0],"ix":1},"s":{"a":0,"k":[100,100],"ix":3},"r":{"a":0,"k":0,"ix":6},"o":{"a":0,"k":100,"ix":7},"sk":{"a":0,"k":0,"ix":4},"sa":{"a":0,"k":0,"ix":5},"nm":"Transform"}],"nm":"Trai","np":3,"cix":2,"bm":0,"ix":2,"mn":"ADBE Vector Group","hd":false}],"ip":0,"op":27.0833333333333,"st":0,"bm":0},{"ddd":0,"ind":13,"ty":4,"nm":"Mat Do","sr":1,"ks":{"o":{"a":1,"k":[{"i":{"x":[0.667],"y":[1]},"o":{"x":[0.333],"y":[0]},"t":0.833,"s":[20]},{"i":{"x":[0.667],"y":[1]},"o":{"x":[0.333],"y":[0]},"t":5.417,"s":[80]},{"i":{"x":[0.667],"y":[1]},"o":{"x":[0.333],"y":[0]},"t":7.5,"s":[80]},{"i":{"x":[0.667],"y":[1]},"o":{"x":[0.167],"y":[0]},"t":12.5,"s":[20]},{"i":{"x":[0.667],"y":[1]},"o":{"x":[0.333],"y":[0]},"t":14.583,"s":[20]},{"i":{"x":[0.667],"y":[1]},"o":{"x":[0.333],"y":[0]},"t":19.167,"s":[80]},{"i":{"x":[0.667],"y":[1]},"o":{"x":[0.333],"y":[0]},"t":21.25,"s":[80]},{"t":26.25,"s":[20]}],"ix":11},"r":{"a":0,"k":0,"ix":10},"p":{"a":0,"k":[500,515.152,0],"ix":2},"a":{"a":0,"k":[0,0,0],"ix":1},"s":{"a":0,"k":[120,120,100],"ix":6}},"ao":0,"shapes":[{"ty":"gr","it":[{"d":1,"ty":"el","s":{"a":0,"k":[486.562,486.562],"ix":2},"p":{"a":0,"k":[0,0],"ix":3},"nm":"Ellipse Path 1","mn":"ADBE Vector Shape - Ellipse","hd":false},{"ty":"gf","o":{"a":0,"k":100,"ix":10},"r":1,"bm":0,"g":{"p":5,"k":{"a":0,"k":[0,0.918,0.141,0.161,0.36,0.898,0.21,0.11,0.721,0.878,0.278,0.059,0.86,0.869,0.408,0.029,1,0.859,0.537,0,0,1,0.5,0.5,1,0],"ix":9}},"s":{"a":0,"k":[0,0],"ix":5},"e":{"a":0,"k":[213.773,0],"ix":6},"t":2,"h":{"a":0,"k":0,"ix":7},"a":{"a":0,"k":0,"ix":8},"nm":"Gradient Fill 1","mn":"ADBE Vector Graphic - G-Fill","hd":false},{"ty":"tr","p":{"a":0,"k":[-1.773,-160.617],"ix":2},"a":{"a":0,"k":[0,0],"ix":1},"s":{"a":0,"k":[100,43.72],"ix":3},"r":{"a":0,"k":0,"ix":6},"o":{"a":0,"k":100,"ix":7},"sk":{"a":0,"k":0,"ix":4},"sa":{"a":0,"k":0,"ix":5},"nm":"Transform"}],"nm":"Ellipse 1","np":3,"cix":2,"bm":0,"ix":1,"mn":"ADBE Vector Group","hd":false}],"ip":0,"op":27.0833333333333,"st":0,"bm":0},{"ddd":0,"ind":14,"ty":4,"nm":"Light Shadow Up","sr":1,"ks":{"o":{"a":1,"k":[{"i":{"x":[0.667],"y":[1]},"o":{"x":[0.167],"y":[0.167]},"t":0,"s":[60]},{"i":{"x":[0.667],"y":[1]},"o":{"x":[0.333],"y":[0]},"t":13.333,"s":[100]},{"i":{"x":[0.667],"y":[1]},"o":{"x":[0.333],"y":[0]},"t":15.333,"s":[100]},{"i":{"x":[0.667],"y":[1]},"o":{"x":[0.333],"y":[0]},"t":18.667,"s":[100]},{"i":{"x":[0.667],"y":[1]},"o":{"x":[0.333],"y":[0]},"t":22.667,"s":[57]},{"t":26,"s":[100]}],"ix":11},"r":{"a":0,"k":0,"ix":10},"p":{"a":0,"k":[500,500,0],"ix":2},"a":{"a":0,"k":[500,500,0],"ix":1},"s":{"a":0,"k":[120,120,100],"ix":6}},"ao":0,"shapes":[{"ty":"gr","it":[{"ty":"gr","it":[{"ind":0,"ty":"sh","ix":1,"ks":{"a":0,"k":{"i":[[0,-200.186],[-0.504,-7.77],[-155.156,0],[-75.292,-121.833],[0,7.897],[202.793,0]],"o":[[0,7.896],[75.291,-121.832],[155.151,0],[0.504,-7.77],[0,-200.186],[-202.8,0]],"v":[[-367.198,169.491],[-366.348,192.97],[0,-10.201],[366.347,192.971],[367.198,169.491],[0,-192.972]],"c":true},"ix":2},"nm":"Path 2","mn":"ADBE Vector Shape - Group","hd":false},{"ty":"tr","p":{"a":0,"k":[0,0],"ix":2},"a":{"a":0,"k":[0,0],"ix":1},"s":{"a":0,"k":[100,100],"ix":3},"r":{"a":0,"k":0,"ix":6},"o":{"a":0,"k":100,"ix":7},"sk":{"a":0,"k":0,"ix":4},"sa":{"a":0,"k":0,"ix":5},"nm":"Transform"}],"nm":"Group 1","np":1,"cix":2,"bm":0,"ix":1,"mn":"ADBE Vector Group","hd":false},{"ty":"mm","mm":4,"nm":"Merge Paths 1","mn":"ADBE Vector Filter - Merge","hd":false},{"ty":"gf","o":{"a":0,"k":100,"ix":10},"r":1,"bm":0,"g":{"p":3,"k":{"a":0,"k":[0,1,1,1,0.5,0.99,1,1,1,0.98,1,1,0,1,0.5,0.5,1,0],"ix":9}},"s":{"a":0,"k":[-9.945,-191.602],"ix":5},"e":{"a":0,"k":[-15.383,0.867],"ix":6},"t":1,"nm":"Gradient Fill 1","mn":"ADBE Vector Graphic - G-Fill","hd":false},{"ty":"tr","p":{"a":0,"k":[499.315,325.606],"ix":2},"a":{"a":0,"k":[0,0],"ix":1},"s":{"a":0,"k":[100,100],"ix":3},"r":{"a":0,"k":0,"ix":6},"o":{"a":0,"k":100,"ix":7},"sk":{"a":0,"k":0,"ix":4},"sa":{"a":0,"k":0,"ix":5},"nm":"Transform"}],"nm":"Group 1","np":3,"cix":2,"bm":0,"ix":1,"mn":"ADBE Vector Group","hd":false}],"ip":0,"op":30.6666666666667,"st":0,"bm":0},{"ddd":0,"ind":15,"ty":4,"nm":"Face","sr":1,"ks":{"o":{"a":0,"k":100,"ix":11},"r":{"a":0,"k":0,"ix":10},"p":{"a":0,"k":[500,500,0],"ix":2},"a":{"a":0,"k":[500,500,0],"ix":1},"s":{"a":0,"k":[120,120,100],"ix":6}},"ao":0,"shapes":[{"ty":"gr","it":[{"ty":"gr","it":[{"ind":0,"ty":"sh","ix":1,"ks":{"a":0,"k":{"i":[[0,-208.134],[-208.134,0],[0,208.128],[208.128,0]],"o":[[0,208.128],[208.128,0],[0,-208.134],[-208.134,0]],"v":[[-376.855,0],[0,376.855],[376.855,0],[0,-376.855]],"c":true},"ix":2},"nm":"Path 2","mn":"ADBE Vector Shape - Group","hd":false},{"ty":"tr","p":{"a":0,"k":[0,0],"ix":2},"a":{"a":0,"k":[0,0],"ix":1},"s":{"a":0,"k":[100,100],"ix":3},"r":{"a":0,"k":0,"ix":6},"o":{"a":0,"k":100,"ix":7},"sk":{"a":0,"k":0,"ix":4},"sa":{"a":0,"k":0,"ix":5},"nm":"Transform"}],"nm":"Group 1","np":1,"cix":2,"bm":0,"ix":1,"mn":"ADBE Vector Group","hd":false},{"ty":"mm","mm":4,"nm":"Merge Paths 1","mn":"ADBE Vector Filter - Merge","hd":false},{"ty":"gf","o":{"a":0,"k":100,"ix":10},"r":1,"bm":0,"g":{"p":7,"k":{"a":0,"k":[0,1,1,0.651,0.063,1,0.988,0.596,0.126,1,0.976,0.541,0.485,0.961,0.784,0.286,0.844,0.922,0.592,0.031,0.922,0.951,0.553,0.031,1,0.98,0.514,0.031],"ix":9}},"s":{"a":0,"k":[142.273,-155.805],"ix":5},"e":{"a":0,"k":[-277.203,255.742],"ix":6},"t":2,"h":{"a":0,"k":0,"ix":7},"a":{"a":0,"k":0,"ix":8},"nm":"Gradient Fill 1","mn":"ADBE Vector Graphic - G-Fill","hd":false},{"ty":"tr","p":{"a":0,"k":[500.494,499.751],"ix":2},"a":{"a":0,"k":[0,0],"ix":1},"s":{"a":0,"k":[100,100],"ix":3},"r":{"a":0,"k":0,"ix":6},"o":{"a":0,"k":100,"ix":7},"sk":{"a":0,"k":0,"ix":4},"sa":{"a":0,"k":0,"ix":5},"nm":"Transform"}],"nm":"Group 1","np":3,"cix":2,"bm":0,"ix":1,"mn":"ADBE Vector Group","hd":false}],"ip":0,"op":27.0833333333333,"st":0,"bm":0}],"markers":[]}