{"v":"5.5.8","fr":29.9700012207031,"ip":0,"op":54.0000021994651,"w":36,"h":36,"nm":"Comp 3","ddd":0,"assets":[],"layers":[{"ddd":0,"ind":1,"ty":4,"nm":"Shape Layer 5","sr":1,"ks":{"o":{"a":1,"k":[{"i":{"x":[0.665],"y":[1.019]},"o":{"x":[0.332],"y":[-0.001]},"t":10,"s":[0],"e":[100]},{"i":{"x":[0.675],"y":[0.999]},"o":{"x":[0.333],"y":[0.251]},"t":13,"s":[100],"e":[0]},{"t":53.0000021587343}],"ix":11},"r":{"a":0,"k":0,"ix":10},"p":{"a":0,"k":[18.057,18.005,0],"ix":2},"a":{"a":0,"k":[0,0,0],"ix":1},"s":{"a":1,"k":[{"i":{"x":[0.677,0.677,0.833],"y":[1.047,1.047,13.337]},"o":{"x":[0.373,0.373,0.167],"y":[0.086,0.086,5.933]},"t":10,"s":[0,0,100],"e":[90,90,100]},{"t":53.0000021587343}],"ix":6}},"ao":0,"shapes":[{"ty":"gr","it":[{"d":1,"ty":"el","s":{"a":0,"k":[35.984,35.984],"ix":2},"p":{"a":0,"k":[0,0],"ix":3},"nm":"Ellipse Path 1","mn":"ADBE Vector Shape - Ellipse","hd":false},{"ty":"fl","c":{"a":0,"k":[0.839215985466,0.215685990277,1,1],"ix":4},"o":{"a":0,"k":60,"ix":5},"r":1,"bm":0,"nm":"Fill 1","mn":"ADBE Vector Graphic - Fill","hd":false},{"ty":"tr","p":{"a":0,"k":[-0.099,-0.008],"ix":2},"a":{"a":0,"k":[0,0],"ix":1},"s":{"a":0,"k":[100,100],"ix":3},"r":{"a":0,"k":0,"ix":6},"o":{"a":0,"k":100,"ix":7},"sk":{"a":0,"k":0,"ix":4},"sa":{"a":0,"k":0,"ix":5},"nm":"Transform"}],"nm":"Ellipse 1","np":3,"cix":2,"bm":0,"ix":1,"mn":"ADBE Vector Group","hd":false}],"ip":0,"op":90.0000036657751,"st":0,"bm":0},{"ddd":0,"ind":2,"ty":4,"nm":"Shape Layer 4","sr":1,"ks":{"o":{"a":1,"k":[{"i":{"x":[0.648],"y":[-28.284]},"o":{"x":[0.157],"y":[0]},"t":0,"s":[0],"e":[0]},{"i":{"x":[0.805],"y":[1]},"o":{"x":[0.438],"y":[0.121]},"t":3,"s":[0],"e":[100]},{"i":{"x":[0.675],"y":[0.999]},"o":{"x":[0.331],"y":[0.016]},"t":4,"s":[100],"e":[0]},{"t":42.0000017106951}],"ix":11},"r":{"a":0,"k":0,"ix":10},"p":{"a":0,"k":[18.057,18.005,0],"ix":2},"a":{"a":0,"k":[0,0,0],"ix":1},"s":{"a":1,"k":[{"i":{"x":[0.677,0.677,0.833],"y":[1.046,1.046,13.051]},"o":{"x":[0.373,0.373,0.167],"y":[0.084,0.084,5.795]},"t":0,"s":[0,0,100],"e":[90,90,100]},{"i":{"x":[0.833,0.833,0.833],"y":[1,1,1]},"o":{"x":[0.327,0.327,0.167],"y":[0.011,0.011,-2.869]},"t":42,"s":[90,90,100],"e":[0,0,100]},{"t":52.0000021180034}],"ix":6}},"ao":0,"shapes":[{"ty":"gr","it":[{"d":1,"ty":"el","s":{"a":0,"k":[35.984,35.984],"ix":2},"p":{"a":0,"k":[0,0],"ix":3},"nm":"Ellipse Path 1","mn":"ADBE Vector Shape - Ellipse","hd":false},{"ty":"fl","c":{"a":0,"k":[0.839215985466,0.215685990277,1,1],"ix":4},"o":{"a":0,"k":60,"ix":5},"r":1,"bm":0,"nm":"Fill 1","mn":"ADBE Vector Graphic - Fill","hd":false},{"ty":"tr","p":{"a":0,"k":[-0.099,-0.008],"ix":2},"a":{"a":0,"k":[0,0],"ix":1},"s":{"a":0,"k":[100,100],"ix":3},"r":{"a":0,"k":0,"ix":6},"o":{"a":0,"k":100,"ix":7},"sk":{"a":0,"k":0,"ix":4},"sa":{"a":0,"k":0,"ix":5},"nm":"Transform"}],"nm":"Ellipse 1","np":3,"cix":2,"bm":0,"ix":1,"mn":"ADBE Vector Group","hd":false}],"ip":0,"op":90.0000036657751,"st":0,"bm":0}],"markers":[{"tm":40.0000016292334,"cm":"1","dr":0}]}