{"v":"5.7.4","fr":29.9700012207031,"ip":0,"op":36.0000014663101,"w":345,"h":345,"nm":"vertical_video","ddd":0,"assets":[{"id":"comp_0","layers":[{"ddd":0,"ind":1,"ty":4,"nm":"mask","td":1,"sr":1,"ks":{"o":{"a":0,"k":100,"ix":11},"r":{"a":0,"k":0,"ix":10},"p":{"a":0,"k":[80,126,0],"ix":2,"l":2},"a":{"a":0,"k":[0,0,0],"ix":1,"l":2},"s":{"a":0,"k":[100,100,100],"ix":6,"l":2}},"ao":0,"shapes":[{"ty":"gr","it":[{"ty":"rc","d":1,"s":{"a":0,"k":[135,231],"ix":2},"p":{"a":0,"k":[0,0],"ix":3},"r":{"a":0,"k":13,"ix":4},"nm":"Rectangle Path 1","mn":"ADBE Vector Shape - Rect","hd":false},{"ty":"fl","c":{"a":0,"k":[1,0,0,1],"ix":4},"o":{"a":0,"k":60,"ix":5},"r":1,"bm":0,"nm":"Fill 1","mn":"ADBE Vector Graphic - Fill","hd":false},{"ty":"tr","p":{"a":0,"k":[0,0],"ix":2},"a":{"a":0,"k":[0,0],"ix":1},"s":{"a":0,"k":[100,100],"ix":3},"r":{"a":0,"k":0,"ix":6},"o":{"a":0,"k":100,"ix":7},"sk":{"a":0,"k":0,"ix":4},"sa":{"a":0,"k":0,"ix":5},"nm":"Transform"}],"nm":"Rectangle 1","np":3,"cix":2,"bm":0,"ix":1,"mn":"ADBE Vector Group","hd":false}],"ip":-6.00000024438501,"op":90.0000036657752,"st":0,"bm":0},{"ddd":0,"ind":2,"ty":0,"nm":"Content_phone","tt":1,"refId":"comp_1","sr":1,"ks":{"o":{"a":0,"k":100,"ix":11},"r":{"a":0,"k":0,"ix":10},"p":{"a":1,"k":[{"i":{"x":0.667,"y":1},"o":{"x":0.333,"y":0},"t":0,"s":[80,249,0],"to":[0,-38.833,0],"ti":[0,38.833,0]},{"i":{"x":0.833,"y":0.833},"o":{"x":0.333,"y":0.333},"t":24,"s":[80,16,0],"to":[0,0,0],"ti":[0,0,0]},{"t":40.0000016292334,"s":[80,16,0]}],"ix":2,"x":"var $bm_rt;\n$bm_rt = loopOut('cycle', 0);","l":2},"a":{"a":0,"k":[80,250,0],"ix":1,"l":2},"s":{"a":0,"k":[100,100,100],"ix":6,"l":2}},"ao":0,"w":160,"h":500,"ip":0,"op":90.0000036657751,"st":0,"bm":0},{"ddd":0,"ind":5,"ty":4,"nm":"line","sr":1,"ks":{"o":{"a":0,"k":100,"ix":11},"r":{"a":0,"k":0,"ix":10},"p":{"a":0,"k":[80,126,0],"ix":2,"l":2},"a":{"a":0,"k":[78,126,0],"ix":1,"l":2},"s":{"a":0,"k":[100,100,100],"ix":6,"l":2}},"ao":0,"shapes":[{"ty":"gr","it":[{"ind":0,"ty":"sh","ix":1,"ks":{"a":0,"k":{"i":[[-8.024,0],[0,0],[-2.933,-1.569],[-1.569,-2.933],[0,-8.024],[0,0],[1.569,-2.933],[2.933,-1.569],[8.024,0],[0,0],[2.933,1.569],[1.569,2.933],[0,8.024],[0,0],[-1.569,2.933],[-2.933,1.569]],"o":[[0,0],[8.024,0],[2.933,1.569],[1.569,2.933],[0,0],[0,8.024],[-1.569,2.933],[-2.933,1.569],[0,0],[-8.024,0],[-2.933,-1.569],[-1.569,-2.933],[0,0],[0,-8.024],[1.569,-2.933],[2.933,-1.569]],"v":[[-48.925,-120],[48.925,-120],[62.792,-117.596],[69.596,-110.792],[72,-96.925],[72,96.925],[69.596,110.792],[62.792,117.596],[48.925,120],[-48.925,120],[-62.792,117.596],[-69.596,110.792],[-72,96.925],[-72,-96.925],[-69.596,-110.792],[-62.792,-117.596]],"c":true},"ix":2},"nm":"Path 1","mn":"ADBE Vector Shape - Group","hd":false},{"ty":"st","c":{"a":0,"k":[1,1,1,1],"ix":3},"o":{"a":0,"k":20,"ix":4},"w":{"a":0,"k":9,"ix":5},"lc":1,"lj":2,"bm":0,"nm":"Stroke 1","mn":"ADBE Vector Graphic - Stroke","hd":false},{"ty":"tr","p":{"a":0,"k":[78,126],"ix":2},"a":{"a":0,"k":[0,0],"ix":1},"s":{"a":0,"k":[100,100],"ix":3},"r":{"a":0,"k":0,"ix":6},"o":{"a":0,"k":100,"ix":7},"sk":{"a":0,"k":0,"ix":4},"sa":{"a":0,"k":0,"ix":5},"nm":"Transform"}],"nm":"Group 1","np":2,"cix":2,"bm":0,"ix":1,"mn":"ADBE Vector Group","hd":false}],"ip":0,"op":90.0000036657751,"st":0,"bm":0}]},{"id":"comp_1","layers":[{"ddd":0,"ind":1,"ty":4,"nm":"line_b Outlines","sr":1,"ks":{"o":{"a":0,"k":100,"ix":11},"r":{"a":0,"k":0,"ix":10},"p":{"a":0,"k":[79.68,243,0],"ix":2,"l":2},"a":{"a":0,"k":[72,1,0],"ix":1,"l":2},"s":{"a":0,"k":[98.96,100,100],"ix":6,"l":2}},"ao":0,"shapes":[{"ty":"gr","it":[{"ind":0,"ty":"sh","ix":1,"ks":{"a":0,"k":{"i":[[0,0],[0,0],[0,0],[0,0]],"o":[[0,0],[0,0],[0,0],[0,0]],"v":[[-72,1],[72,1],[72,-1],[-72,-1]],"c":true},"ix":2},"nm":"Path 1","mn":"ADBE Vector Shape - Group","hd":false},{"ty":"fl","c":{"a":0,"k":[1,1,1,1],"ix":4},"o":{"a":0,"k":40,"ix":5},"r":1,"bm":0,"nm":"Fill 1","mn":"ADBE Vector Graphic - Fill","hd":false},{"ty":"tr","p":{"a":0,"k":[72,1],"ix":2},"a":{"a":0,"k":[0,0],"ix":1},"s":{"a":0,"k":[100,100],"ix":3},"r":{"a":0,"k":0,"ix":6},"o":{"a":0,"k":100,"ix":7},"sk":{"a":0,"k":0,"ix":4},"sa":{"a":0,"k":0,"ix":5},"nm":"Transform"}],"nm":"Group 1","np":2,"cix":2,"bm":0,"ix":1,"mn":"ADBE Vector Group","hd":false}],"ip":0,"op":90.0000036657751,"st":0,"bm":0},{"ddd":0,"ind":2,"ty":4,"nm":"icon play","sr":1,"ks":{"o":{"a":0,"k":100,"ix":11},"r":{"a":0,"k":0,"ix":10},"p":{"a":0,"k":[82.831,126.579,0],"ix":2,"l":2},"a":{"a":0,"k":[7,9.5,0],"ix":1,"l":2},"s":{"a":0,"k":[300,300,100],"ix":6,"l":2}},"ao":0,"shapes":[{"ty":"gr","it":[{"ind":0,"ty":"sh","ix":1,"ks":{"a":0,"k":{"i":[[0.09,-0.064],[0,0],[0.321,0.45],[0,0.209],[0,0],[-0.553,0],[-0.17,-0.121],[0,0],[0.321,-0.449]],"o":[[0,0],[-0.45,0.321],[-0.121,-0.169],[0,0],[0,-0.552],[0.208,0],[0,0],[0.45,0.321],[-0.064,0.09]],"v":[[6.153,0.747],[-5.126,8.803],[-6.521,8.571],[-6.707,7.99],[-6.707,-8.124],[-5.707,-9.124],[-5.126,-8.938],[6.153,-0.881],[6.386,0.514]],"c":true},"ix":2},"nm":"Path 1","mn":"ADBE Vector Shape - Group","hd":false},{"ty":"fl","c":{"a":0,"k":[1,1,1,1],"ix":4},"o":{"a":0,"k":80,"ix":5},"r":1,"bm":0,"nm":"Fill 1","mn":"ADBE Vector Graphic - Fill","hd":false},{"ty":"tr","p":{"a":0,"k":[6.957,9.374],"ix":2},"a":{"a":0,"k":[0,0],"ix":1},"s":{"a":0,"k":[100,100],"ix":3},"r":{"a":0,"k":0,"ix":6},"o":{"a":0,"k":100,"ix":7},"sk":{"a":0,"k":0,"ix":4},"sa":{"a":0,"k":0,"ix":5},"nm":"Transform"}],"nm":"Group 1","np":2,"cix":2,"bm":0,"ix":1,"mn":"ADBE Vector Group","hd":false}],"ip":0,"op":90.0000036657751,"st":0,"bm":0},{"ddd":0,"ind":3,"ty":4,"nm":"bg phone","sr":1,"ks":{"o":{"a":0,"k":100,"ix":11},"r":{"a":0,"k":0,"ix":10},"p":{"a":0,"k":[80,126,0],"ix":2,"l":2},"a":{"a":0,"k":[0,0,0],"ix":1,"l":2},"s":{"a":0,"k":[100,100,100],"ix":6,"l":2}},"ao":0,"shapes":[{"ty":"gr","it":[{"ty":"rc","d":1,"s":{"a":0,"k":[136,232],"ix":2},"p":{"a":0,"k":[0,0],"ix":3},"r":{"a":0,"k":0,"ix":4},"nm":"Rectangle Path 1","mn":"ADBE Vector Shape - Rect","hd":false},{"ty":"fl","c":{"a":0,"k":[1,1,1,1],"ix":4},"o":{"a":0,"k":20,"ix":5},"r":1,"bm":0,"nm":"Fill 1","mn":"ADBE Vector Graphic - Fill","hd":false},{"ty":"tr","p":{"a":0,"k":[0,0],"ix":2},"a":{"a":0,"k":[0,0],"ix":1},"s":{"a":0,"k":[100,100],"ix":3},"r":{"a":0,"k":0,"ix":6},"o":{"a":0,"k":100,"ix":7},"sk":{"a":0,"k":0,"ix":4},"sa":{"a":0,"k":0,"ix":5},"nm":"Transform"}],"nm":"Rectangle 1","np":3,"cix":2,"bm":0,"ix":1,"mn":"ADBE Vector Group","hd":false}],"ip":0,"op":90.0000036657751,"st":0,"bm":0},{"ddd":0,"ind":4,"ty":4,"nm":"line_b Outlines 2","sr":1,"ks":{"o":{"a":0,"k":100,"ix":11},"r":{"a":0,"k":0,"ix":10},"p":{"a":0,"k":[79.68,477.452,0],"ix":2,"l":2},"a":{"a":0,"k":[72,1,0],"ix":1,"l":2},"s":{"a":0,"k":[96.183,100,100],"ix":6,"l":2}},"ao":0,"shapes":[{"ty":"gr","it":[{"ind":0,"ty":"sh","ix":1,"ks":{"a":0,"k":{"i":[[0,0],[0,0],[0,0],[0,0]],"o":[[0,0],[0,0],[0,0],[0,0]],"v":[[-72,1],[72,1],[72,-1],[-72,-1]],"c":true},"ix":2},"nm":"Path 1","mn":"ADBE Vector Shape - Group","hd":false},{"ty":"fl","c":{"a":0,"k":[1,1,1,1],"ix":4},"o":{"a":0,"k":40,"ix":5},"r":1,"bm":0,"nm":"Fill 1","mn":"ADBE Vector Graphic - Fill","hd":false},{"ty":"tr","p":{"a":0,"k":[72,1],"ix":2},"a":{"a":0,"k":[0,0],"ix":1},"s":{"a":0,"k":[100,100],"ix":3},"r":{"a":0,"k":0,"ix":6},"o":{"a":0,"k":100,"ix":7},"sk":{"a":0,"k":0,"ix":4},"sa":{"a":0,"k":0,"ix":5},"nm":"Transform"}],"nm":"Group 1","np":2,"cix":2,"bm":0,"ix":1,"mn":"ADBE Vector Group","hd":false}],"ip":0,"op":90.0000036657751,"st":0,"bm":0},{"ddd":0,"ind":5,"ty":4,"nm":"icon play 2","sr":1,"ks":{"o":{"a":0,"k":100,"ix":11},"r":{"a":0,"k":0,"ix":10},"p":{"a":0,"k":[82.831,360.746,0],"ix":2,"l":2},"a":{"a":0,"k":[7,9.5,0],"ix":1,"l":2},"s":{"a":0,"k":[300,300,100],"ix":6,"l":2}},"ao":0,"shapes":[{"ty":"gr","it":[{"ind":0,"ty":"sh","ix":1,"ks":{"a":0,"k":{"i":[[0.09,-0.064],[0,0],[0.321,0.45],[0,0.209],[0,0],[-0.553,0],[-0.17,-0.121],[0,0],[0.321,-0.449]],"o":[[0,0],[-0.45,0.321],[-0.121,-0.169],[0,0],[0,-0.552],[0.208,0],[0,0],[0.45,0.321],[-0.064,0.09]],"v":[[6.153,0.747],[-5.126,8.803],[-6.521,8.571],[-6.707,7.99],[-6.707,-8.124],[-5.707,-9.124],[-5.126,-8.938],[6.153,-0.881],[6.386,0.514]],"c":true},"ix":2},"nm":"Path 1","mn":"ADBE Vector Shape - Group","hd":false},{"ty":"fl","c":{"a":0,"k":[1,1,1,1],"ix":4},"o":{"a":0,"k":80,"ix":5},"r":1,"bm":0,"nm":"Fill 1","mn":"ADBE Vector Graphic - Fill","hd":false},{"ty":"tr","p":{"a":0,"k":[6.957,9.374],"ix":2},"a":{"a":0,"k":[0,0],"ix":1},"s":{"a":0,"k":[100,100],"ix":3},"r":{"a":0,"k":0,"ix":6},"o":{"a":0,"k":100,"ix":7},"sk":{"a":0,"k":0,"ix":4},"sa":{"a":0,"k":0,"ix":5},"nm":"Transform"}],"nm":"Group 1","np":2,"cix":2,"bm":0,"ix":1,"mn":"ADBE Vector Group","hd":false}],"ip":0,"op":90.0000036657751,"st":0,"bm":0},{"ddd":0,"ind":6,"ty":4,"nm":"bg phone 2","sr":1,"ks":{"o":{"a":0,"k":100,"ix":11},"r":{"a":0,"k":0,"ix":10},"p":{"a":0,"k":[80,360.167,0],"ix":2,"l":2},"a":{"a":0,"k":[0,0,0],"ix":1,"l":2},"s":{"a":0,"k":[100,100,100],"ix":6,"l":2}},"ao":0,"shapes":[{"ty":"gr","it":[{"ty":"rc","d":1,"s":{"a":0,"k":[136,232],"ix":2},"p":{"a":0,"k":[0,0],"ix":3},"r":{"a":0,"k":0,"ix":4},"nm":"Rectangle Path 1","mn":"ADBE Vector Shape - Rect","hd":false},{"ty":"fl","c":{"a":0,"k":[1,1,1,1],"ix":4},"o":{"a":0,"k":20,"ix":5},"r":1,"bm":0,"nm":"Fill 1","mn":"ADBE Vector Graphic - Fill","hd":false},{"ty":"tr","p":{"a":0,"k":[0,0],"ix":2},"a":{"a":0,"k":[0,0],"ix":1},"s":{"a":0,"k":[100,100],"ix":3},"r":{"a":0,"k":0,"ix":6},"o":{"a":0,"k":100,"ix":7},"sk":{"a":0,"k":0,"ix":4},"sa":{"a":0,"k":0,"ix":5},"nm":"Transform"}],"nm":"Rectangle 1","np":3,"cix":2,"bm":0,"ix":1,"mn":"ADBE Vector Group","hd":false}],"ip":0,"op":90.0000036657751,"st":0,"bm":0}]}],"layers":[{"ddd":0,"ind":1,"ty":4,"nm":"hand Outlines","sr":1,"ks":{"o":{"a":0,"k":100,"ix":11},"r":{"a":1,"k":[{"i":{"x":[0.743],"y":[0.681]},"o":{"x":[0.488],"y":[-0.022]},"t":0,"s":[-69]},{"i":{"x":[0.608],"y":[6.232]},"o":{"x":[0.303],"y":[4.427]},"t":17,"s":[-44]},{"i":{"x":[0.705],"y":[1]},"o":{"x":[0.349],"y":[0.256]},"t":25,"s":[-44]},{"t":36.0000014663101,"s":[-69]}],"ix":10,"x":"var $bm_rt;\n$bm_rt = loopOut('cycle', 0);"},"p":{"a":1,"k":[{"i":{"x":0.667,"y":1},"o":{"x":0.333,"y":0},"t":0,"s":[286,268,0],"to":[0,-10.667,0],"ti":[0,0,0]},{"i":{"x":0.918,"y":0},"o":{"x":0.228,"y":0},"t":17,"s":[286,204,0],"to":[0,0,0],"ti":[0,0.056,0]},{"i":{"x":0.687,"y":1},"o":{"x":0.436,"y":0.006},"t":25,"s":[286,204,0],"to":[0,-0.403,0],"ti":[0,-8.852,0]},{"t":36.0000014663101,"s":[286,268,0]}],"ix":2,"x":"var $bm_rt;\n$bm_rt = loopOut('cycle', 0);","l":2},"a":{"a":0,"k":[58.401,161.99,0],"ix":1,"l":2},"s":{"a":0,"k":[120,120,100],"ix":6,"l":2}},"ao":0,"shapes":[{"ty":"gr","it":[{"ind":0,"ty":"sh","ix":1,"ks":{"a":0,"k":{"i":[[0,0],[0,0],[5.219,0],[0,-5.285],[0,0],[5.22,0],[0,-5.285],[0,0],[5.219,0],[0,-5.285],[0,0],[5.219,0],[0,-5.285],[0,0],[14.977,0.544],[-2.364,-4.844],[0,0],[-18.955,0],[0,0],[0,17.618]],"o":[[0,0],[0,-5.285],[-5.219,0],[0,0],[0,-5.285],[-5.219,0],[0,0],[0,-5.285],[-5.219,0],[0,0],[0,-5.285],[-5.219,0],[0,0],[0,0],[-5.213,-0.19],[0,0],[0,0],[0,0],[17.396,0],[0,0]],"v":[[52.48,12.126],[52.462,10.794],[43.012,1.224],[33.562,10.794],[33.562,0.266],[24.113,-9.304],[14.663,0.266],[14.663,-9.304],[4.898,-18.874],[-4.844,-8.985],[-4.868,-60.93],[-14.318,-70.5],[-23.768,-60.93],[-23.768,22.119],[-47.038,-0.278],[-51.418,12.826],[-33.834,48.865],[-4.01,70.5],[21.189,70.5],[52.501,38.599]],"c":true},"ix":2},"nm":"Path 1","mn":"ADBE Vector Shape - Group","hd":false},{"ty":"fl","c":{"a":0,"k":[1,1,1,1],"ix":4},"o":{"a":0,"k":100,"ix":5},"r":1,"bm":0,"nm":"Fill 1","mn":"ADBE Vector Graphic - Fill","hd":false},{"ty":"tr","p":{"a":0,"k":[54.031,70.75],"ix":2},"a":{"a":0,"k":[0,0],"ix":1},"s":{"a":0,"k":[100,100],"ix":3},"r":{"a":0,"k":0,"ix":6},"o":{"a":0,"k":100,"ix":7},"sk":{"a":0,"k":0,"ix":4},"sa":{"a":0,"k":0,"ix":5},"nm":"Transform"}],"nm":"Group 1","np":4,"cix":2,"bm":0,"ix":1,"mn":"ADBE Vector Group","hd":false}],"ip":0,"op":90.0000036657751,"st":0,"bm":0},{"ddd":0,"ind":2,"ty":0,"nm":"Phone","refId":"comp_0","sr":1,"ks":{"o":{"a":0,"k":100,"ix":11},"r":{"a":0,"k":0,"ix":10},"p":{"a":0,"k":[108.5,172.5,0],"ix":2,"l":2},"a":{"a":0,"k":[80,126,0],"ix":1,"l":2},"s":{"a":0,"k":[100,100,100],"ix":6,"l":2}},"ao":0,"w":160,"h":252,"ip":0,"op":90.0000036657751,"st":0,"bm":0}],"markers":[]}